exper,yeduc,income,lincome
7,9,100,4.60517
8,9,150,5.010635
8,9,150,5.010635
10,9,200,5.298317
10,9,300,5.703783
11,9,150,5.010635
12,9,200,5.298317
13,9,12.5,2.525729
14,9,300,5.703783
14,9,300,5.703783
15,9,106.25,4.665795
15,9,106.25,4.665795
16,9,150,5.010635
16,9,100,4.60517
16,9,300,5.703783
17,9,50,3.912023
17,9,150,5.010635
17,9,150,5.010635
17,9,125,4.828314
17,9,200,5.298317
17,9,200,5.298317
18,9,150,5.010635
18,9,106.25,4.665795
18,9,106.25,4.665795
18,9,250,5.521461
18,9,156.25,5.051457
18,9,300,5.703783
19,9,50,3.912023
19,9,300,5.703783
19,9,350,5.857933
19,9,350,5.857933
19,9,400,5.991465
19,9,500,6.214608
19,9,400,5.991465
20,9,6.25,1.832582
20,9,56.25,4.029806
20,9,12.5,2.525729
20,9,75,4.317488
20,9,56.25,4.029806
22,9,500,6.214608
23,9,450,6.109248
23,9,400,5.991465
23,9,600,6.39693
23,9,600,6.39693
24,9,200,5.298317
24,9,150,5.010635
24,9,250,5.521461
24,9,300,5.703783
25,9,200,5.298317
25,9,300,5.703783
25,9,400,5.991465
25,9,150,5.010635
25,9,350,5.857933
25,9,200,5.298317
25,9,350,5.857933
25,9,350,5.857933
26,9,100,4.60517
26,9,100,4.60517
26,9,250,5.521461
4,11,56.25,4.029806
4,11,100,4.60517
4,11,100,4.60517
4,11,56.25,4.029806
4,11,150,5.010635
5,11,100,4.60517
5,11,175,5.164786
5,11,200,5.298317
5,11,250,5.521461
5,11,250,5.521461
5,11,200,5.298317
5,11,150,5.010635
5,11,200,5.298317
5,11,250,5.521461
6,11,100,4.60517
6,11,100,4.60517
7,11,150,5.010635
7,11,200,5.298317
7,11,200,5.298317
7,11,200,5.298317
8,11,150,5.010635
8,11,100,4.60517
8,11,200,5.298317
8,11,200,5.298317
9,11,106.25,4.665795
9,11,250,5.521461
9,11,250,5.521461
9,11,350,5.857933
9,11,300,5.703783
9,11,300,5.703783
9,11,300,5.703783
10,11,100,4.60517
10,11,100,4.60517
11,11,100,4.60517
12,11,150,5.010635
12,11,200,5.298317
12,11,250,5.521461
12,11,250,5.521461
12,11,300,5.703783
12,11,250,5.521461
13,11,150,5.010635
13,11,175,5.164786
13,11,75,4.317488
13,11,300,5.703783
13,11,300,5.703783
14,11,250,5.521461
14,11,300,5.703783
14,11,400,5.991465
14,11,400,5.991465
15,11,6.25,1.832582
15,11,156.25,5.051457
15,11,300,5.703783
16,11,275,5.616771
16,11,175,5.164786
16,11,125,4.828314
16,11,200,5.298317
16,11,175,5.164786
16,11,350,5.857933
17,11,350,5.857933
17,11,400,5.991465
17,11,900,6.802395
17,11,350,5.857933
17,11,500,6.214608
17,11,900,6.802395
18,11,250,5.521461
18,11,400,5.991465
18,11,500,6.214608
18,11,500,6.214608
18,11,400,5.991465
19,11,250,5.521461
19,11,250,5.521461
19,11,350,5.857933
20,11,350,5.857933
20,11,400,5.991465
21,11,56.25,4.029806
21,11,100,4.60517
21,11,56.25,4.029806
21,11,350,5.857933
21,11,350,5.857933
22,11,200,5.298317
22,11,175,5.164786
22,11,400,5.991465
22,11,450,6.109248
22,11,400,5.991465
22,11,400,5.991465
22,11,450,6.109248
23,11,125,4.828314
23,11,300,5.703783
23,11,250,5.521461
23,11,400,5.991465
23,11,1150,7.047517
24,11,75,4.317488
24,11,75,4.317488
24,11,100,4.60517
24,11,250,5.521461
3,12,50,3.912023
3,12,50,3.912023
3,12,6.25,1.832582
3,12,150,5.010635
3,12,31.25,3.442019
3,12,31.25,3.442019
3,12,12.5,2.525729
3,12,56.25,4.029806
3,12,12.5,2.525729
3,12,12.5,2.525729
3,12,106.25,4.665795
3,12,31.25,3.442019
3,12,106.25,4.665795
3,12,6.25,1.832582
3,12,50,3.912023
3,12,31.25,3.442019
3,12,75,4.317488
3,12,31.25,3.442019
3,12,31.25,3.442019
3,12,75,4.317488
3,12,75,4.317488
3,12,31.25,3.442019
3,12,75,4.317488
3,12,150,5.010635
3,12,75,4.317488
3,12,100,4.60517
3,12,100,4.60517
3,12,150,5.010635
3,12,200,5.298317
3,12,100,4.60517
3,12,100,4.60517
3,12,100,4.60517
3,12,200,5.298317
3,12,200,5.298317
3,12,150,5.010635
3,12,150,5.010635
3,12,56.25,4.029806
3,12,106.25,4.665795
3,12,106.25,4.665795
3,12,150,5.010635
3,12,125,4.828314
3,12,106.25,4.665795
3,12,150,5.010635
3,12,106.25,4.665795
3,12,150,5.010635
3,12,150,5.010635
3,12,106.25,4.665795
3,12,150,5.010635
3,12,200,5.298317
3,12,175,5.164786
3,12,156.25,5.051457
4,12,50,3.912023
4,12,50,3.912023
4,12,50,3.912023
4,12,150,5.010635
4,12,50,3.912023
4,12,150,5.010635
4,12,56.25,4.029806
4,12,150,5.010635
4,12,200,5.298317
4,12,100,4.60517
4,12,50,3.912023
4,12,200,5.298317
4,12,100,4.60517
4,12,50,3.912023
4,12,150,5.010635
4,12,100,4.60517
4,12,200,5.298317
4,12,150,5.010635
4,12,100,4.60517
4,12,200,5.298317
4,12,150,5.010635
4,12,200,5.298317
4,12,200,5.298317
4,12,150,5.010635
4,12,150,5.010635
4,12,100,4.60517
4,12,100,4.60517
4,12,150,5.010635
4,12,100,4.60517
4,12,200,5.298317
4,12,200,5.298317
4,12,200,5.298317
4,12,250,5.521461
4,12,200,5.298317
4,12,200,5.298317
4,12,200,5.298317
4,12,250,5.521461
4,12,200,5.298317
4,12,200,5.298317
4,12,300,5.703783
4,12,300,5.703783
4,12,300,5.703783
5,12,150,5.010635
5,12,150,5.010635
5,12,50,3.912023
5,12,6.25,1.832582
5,12,12.5,2.525729
5,12,175,5.164786
5,12,200,5.298317
5,12,200,5.298317
5,12,200,5.298317
5,12,50,3.912023
5,12,100,4.60517
5,12,150,5.010635
5,12,100,4.60517
5,12,200,5.298317
5,12,100,4.60517
5,12,200,5.298317
5,12,100,4.60517
5,12,125,4.828314
5,12,150,5.010635
5,12,150,5.010635
5,12,106.25,4.665795
5,12,150,5.010635
5,12,200,5.298317
5,12,250,5.521461
5,12,150,5.010635
5,12,200,5.298317
5,12,300,5.703783
5,12,250,5.521461
5,12,200,5.298317
5,12,250,5.521461
5,12,175,5.164786
5,12,250,5.521461
5,12,400,5.991465
6,12,6.25,1.832582
6,12,150,5.010635
6,12,50,3.912023
6,12,100,4.60517
6,12,100,4.60517
6,12,12.5,2.525729
6,12,156.25,5.051457
6,12,6.25,1.832582
6,12,12.5,2.525729
6,12,31.25,3.442019
6,12,125,4.828314
6,12,150,5.010635
6,12,300,5.703783
6,12,100,4.60517
6,12,150,5.010635
6,12,56.25,4.029806
6,12,250,5.521461
6,12,100,4.60517
6,12,150,5.010635
6,12,200,5.298317
6,12,56.25,4.029806
6,12,150,5.010635
6,12,200,5.298317
6,12,250,5.521461
6,12,150,5.010635
6,12,250,5.521461
6,12,125,4.828314
6,12,200,5.298317
6,12,250,5.521461
6,12,250,5.521461
6,12,200,5.298317
6,12,125,4.828314
6,12,106.25,4.665795
6,12,250,5.521461
6,12,200,5.298317
6,12,100,4.60517
6,12,250,5.521461
6,12,300,5.703783
6,12,250,5.521461
6,12,300,5.703783
6,12,200,5.298317
6,12,200,5.298317
6,12,150,5.010635
6,12,200,5.298317
6,12,300,5.703783
6,12,200,5.298317
6,12,200,5.298317
6,12,350,5.857933
6,12,500,6.214608
7,12,50,3.912023
7,12,56.25,4.029806
7,12,156.25,5.051457
7,12,56.25,4.029806
7,12,106.25,4.665795
7,12,12.5,2.525729
7,12,125,4.828314
7,12,75,4.317488
7,12,50,3.912023
7,12,100,4.60517
7,12,56.25,4.029806
7,12,200,5.298317
7,12,250,5.521461
7,12,200,5.298317
7,12,200,5.298317
7,12,200,5.298317
7,12,250,5.521461
7,12,250,5.521461
7,12,106.25,4.665795
7,12,250,5.521461
7,12,106.25,4.665795
7,12,250,5.521461
7,12,200,5.298317
7,12,106.25,4.665795
7,12,200,5.298317
7,12,100,4.60517
7,12,125,4.828314
7,12,156.25,5.051457
7,12,250,5.521461
7,12,250,5.521461
7,12,300,5.703783
7,12,200,5.298317
7,12,300,5.703783
7,12,300,5.703783
7,12,200,5.298317
7,12,300,5.703783
7,12,250,5.521461
7,12,250,5.521461
8,12,100,4.60517
8,12,150,5.010635
8,12,750,6.620073
8,12,100,4.60517
8,12,200,5.298317
8,12,50,3.912023
8,12,106.25,4.665795
8,12,206.25,5.329089
8,12,12.5,2.525729
8,12,225,5.416101
8,12,225,5.416101
8,12,150,5.010635
8,12,200,5.298317
8,12,200,5.298317
8,12,250,5.521461
8,12,250,5.521461
8,12,100,4.60517
8,12,200,5.298317
8,12,150,5.010635
8,12,150,5.010635
8,12,200,5.298317
8,12,175,5.164786
8,12,300,5.703783
8,12,350,5.857933
8,12,300,5.703783
8,12,350,5.857933
8,12,400,5.991465
8,12,400,5.991465
8,12,150,5.010635
8,12,150,5.010635
8,12,350,5.857933
8,12,300,5.703783
8,12,350,5.857933
8,12,200,5.298317
8,12,350,5.857933
8,12,400,5.991465
8,12,900,6.802395
9,12,50,3.912023
9,12,200,5.298317
9,12,150,5.010635
9,12,50,3.912023
9,12,156.25,5.051457
9,12,75,4.317488
9,12,125,4.828314
9,12,150,5.010635
9,12,250,5.521461
9,12,250,5.521461
9,12,150,5.010635
9,12,250,5.521461
9,12,300,5.703783
9,12,100,4.60517
9,12,150,5.010635
9,12,106.25,4.665795
9,12,200,5.298317
9,12,450,6.109248
9,12,200,5.298317
9,12,100,4.60517
9,12,250,5.521461
9,12,200,5.298317
9,12,250,5.521461
9,12,200,5.298317
9,12,300,5.703783
9,12,300,5.703783
9,12,300,5.703783
9,12,300,5.703783
9,12,200,5.298317
9,12,300,5.703783
9,12,150,5.010635
9,12,300,5.703783
9,12,300,5.703783
9,12,300,5.703783
9,12,250,5.521461
9,12,150,5.010635
9,12,300,5.703783
9,12,300,5.703783
9,12,250,5.521461
9,12,150,5.010635
9,12,300,5.703783
9,12,200,5.298317
9,12,300,5.703783
9,12,250,5.521461
9,12,300,5.703783
9,12,450,6.109248
10,12,6.25,1.832582
10,12,25,3.218876
10,12,150,5.010635
10,12,100,4.60517
10,12,156.25,5.051457
10,12,6.25,1.832582
10,12,106.25,4.665795
10,12,125,4.828314
10,12,150,5.010635
10,12,150,5.010635
10,12,200,5.298317
10,12,50,3.912023
10,12,150,5.010635
10,12,200,5.298317
10,12,150,5.010635
10,12,150,5.010635
10,12,150,5.010635
10,12,250,5.521461
10,12,250,5.521461
10,12,150,5.010635
10,12,600,6.39693
10,12,200,5.298317
10,12,106.25,4.665795
10,12,250,5.521461
10,12,200,5.298317
10,12,150,5.010635
10,12,150,5.010635
10,12,200,5.298317
10,12,350,5.857933
10,12,200,5.298317
10,12,650,6.476973
10,12,300,5.703783
10,12,350,5.857933
10,12,200,5.298317
10,12,250,5.521461
10,12,200,5.298317
10,12,350,5.857933
10,12,300,5.703783
10,12,200,5.298317
10,12,400,5.991465
10,12,206.25,5.329089
10,12,650,6.476973
11,12,100,4.60517
11,12,200,5.298317
11,12,200,5.298317
11,12,150,5.010635
11,12,25,3.218876
11,12,150,5.010635
11,12,156.25,5.051457
11,12,6.25,1.832582
11,12,225,5.416101
11,12,125,4.828314
11,12,150,5.010635
11,12,200,5.298317
11,12,300,5.703783
11,12,200,5.298317
11,12,250,5.521461
11,12,300,5.703783
11,12,250,5.521461
11,12,200,5.298317
11,12,100,4.60517
11,12,300,5.703783
11,12,100,4.60517
11,12,300,5.703783
11,12,250,5.521461
11,12,175,5.164786
11,12,300,5.703783
11,12,300,5.703783
11,12,156.25,5.051457
11,12,350,5.857933
11,12,250,5.521461
11,12,350,5.857933
11,12,150,5.010635
11,12,175,5.164786
11,12,350,5.857933
11,12,150,5.010635
11,12,350,5.857933
11,12,225,5.416101
11,12,300,5.703783
11,12,350,5.857933
11,12,225,5.416101
11,12,225,5.416101
11,12,300,5.703783
11,12,400,5.991465
11,12,350,5.857933
11,12,350,5.857933
11,12,350,5.857933
11,12,350,5.857933
12,12,100,4.60517
12,12,150,5.010635
12,12,50,3.912023
12,12,100,4.60517
12,12,150,5.010635
12,12,50,3.912023
12,12,250,5.521461
12,12,75,4.317488
12,12,175,5.164786
12,12,275,5.616771
12,12,175,5.164786
12,12,50,3.912023
12,12,200,5.298317
12,12,75,4.317488
12,12,200,5.298317
12,12,150,5.010635
12,12,150,5.010635
12,12,200,5.298317
12,12,100,4.60517
12,12,100,4.60517
12,12,300,5.703783
12,12,150,5.010635
12,12,300,5.703783
12,12,350,5.857933
12,12,125,4.828314
12,12,100,4.60517
12,12,100,4.60517
12,12,100,4.60517
12,12,250,5.521461
12,12,300,5.703783
12,12,200,5.298317
12,12,250,5.521461
12,12,300,5.703783
12,12,250,5.521461
12,12,150,5.010635
12,12,175,5.164786
12,12,250,5.521461
12,12,400,5.991465
12,12,300,5.703783
12,12,400,5.991465
12,12,300,5.703783
12,12,400,5.991465
12,12,250,5.521461
12,12,400,5.991465
12,12,225,5.416101
12,12,350,5.857933
12,12,450,6.109248
12,12,350,5.857933
12,12,300,5.703783
12,12,450,6.109248
12,12,500,6.214608
12,12,350,5.857933
13,12,100,4.60517
13,12,200,5.298317
13,12,50,3.912023
13,12,100,4.60517
13,12,150,5.010635
13,12,200,5.298317
13,12,100,4.60517
13,12,200,5.298317
13,12,50,3.912023
13,12,200,5.298317
13,12,50,3.912023
13,12,100,4.60517
13,12,12.5,2.525729
13,12,275,5.616771
13,12,125,4.828314
13,12,300,5.703783
13,12,250,5.521461
13,12,150,5.010635
13,12,150,5.010635
13,12,200,5.298317
13,12,300,5.703783
13,12,50,3.912023
13,12,200,5.298317
13,12,100,4.60517
13,12,250,5.521461
13,12,300,5.703783
13,12,250,5.521461
13,12,200,5.298317
13,12,150,5.010635
13,12,300,5.703783
13,12,200,5.298317
13,12,300,5.703783
13,12,350,5.857933
13,12,250,5.521461
13,12,200,5.298317
13,12,150,5.010635
13,12,300,5.703783
13,12,175,5.164786
13,12,156.25,5.051457
13,12,150,5.010635
13,12,250,5.521461
13,12,350,5.857933
13,12,250,5.521461
13,12,300,5.703783
13,12,400,5.991465
13,12,400,5.991465
13,12,400,5.991465
13,12,200,5.298317
13,12,300,5.703783
13,12,350,5.857933
13,12,450,6.109248
13,12,400,5.991465
13,12,200,5.298317
13,12,200,5.298317
13,12,200,5.298317
13,12,400,5.991465
13,12,400,5.991465
13,12,300,5.703783
13,12,450,6.109248
13,12,350,5.857933
13,12,450,6.109248
13,12,600,6.39693
13,12,550,6.309918
14,12,50,3.912023
14,12,200,5.298317
14,12,200,5.298317
14,12,50,3.912023
14,12,150,5.010635
14,12,200,5.298317
14,12,200,5.298317
14,12,200,5.298317
14,12,156.25,5.051457
14,12,125,4.828314
14,12,125,4.828314
14,12,375,5.926926
14,12,300,5.703783
14,12,200,5.298317
14,12,56.25,4.029806
14,12,250,5.521461
14,12,250,5.521461
14,12,300,5.703783
14,12,200,5.298317
14,12,300,5.703783
14,12,100,4.60517
14,12,150,5.010635
14,12,150,5.010635
14,12,300,5.703783
14,12,200,5.298317
14,12,350,5.857933
14,12,100,4.60517
14,12,300,5.703783
14,12,300,5.703783
14,12,200,5.298317
14,12,250,5.521461
14,12,200,5.298317
14,12,150,5.010635
14,12,250,5.521461
14,12,300,5.703783
14,12,250,5.521461
14,12,300,5.703783
14,12,350,5.857933
14,12,200,5.298317
14,12,200,5.298317
14,12,250,5.521461
14,12,350,5.857933
14,12,200,5.298317
14,12,450,6.109248
14,12,300,5.703783
14,12,350,5.857933
14,12,350,5.857933
14,12,400,5.991465
14,12,200,5.298317
14,12,275,5.616771
14,12,400,5.991465
14,12,350,5.857933
14,12,400,5.991465
15,12,100,4.60517
15,12,50,3.912023
15,12,100,4.60517
15,12,50,3.912023
15,12,100,4.60517
15,12,150,5.010635
15,12,200,5.298317
15,12,200,5.298317
15,12,200,5.298317
15,12,56.25,4.029806
15,12,125,4.828314
15,12,175,5.164786
15,12,75,4.317488
15,12,175,5.164786
15,12,400,5.991465
15,12,400,5.991465
15,12,250,5.521461
15,12,150,5.010635
15,12,300,5.703783
15,12,150,5.010635
15,12,250,5.521461
15,12,250,5.521461
15,12,250,5.521461
15,12,250,5.521461
15,12,350,5.857933
15,12,100,4.60517
15,12,200,5.298317
15,12,250,5.521461
15,12,100,4.60517
15,12,250,5.521461
15,12,200,5.298317
15,12,150,5.010635
15,12,200,5.298317
15,12,200,5.298317
15,12,250,5.521461
15,12,350,5.857933
15,12,175,5.164786
15,12,175,5.164786
15,12,250,5.521461
15,12,350,5.857933
15,12,300,5.703783
15,12,500,6.214608
15,12,500,6.214608
15,12,156.25,5.051457
15,12,200,5.298317
15,12,400,5.991465
15,12,500,6.214608
15,12,200,5.298317
15,12,300,5.703783
15,12,200,5.298317
15,12,200,5.298317
15,12,350,5.857933
15,12,450,6.109248
15,12,400,5.991465
15,12,350,5.857933
15,12,300,5.703783
15,12,250,5.521461
15,12,250,5.521461
15,12,200,5.298317
15,12,200,5.298317
15,12,400,5.991465
15,12,225,5.416101
15,12,350,5.857933
15,12,250,5.521461
15,12,200,5.298317
15,12,400,5.991465
15,12,450,6.109248
15,12,400,5.991465
15,12,400,5.991465
15,12,500,6.214608
15,12,350,5.857933
15,12,700,6.55108
15,12,700,6.55108
16,12,150,5.010635
16,12,150,5.010635
16,12,250,5.521461
16,12,200,5.298317
16,12,250,5.521461
16,12,350,5.857933
16,12,150,5.010635
16,12,50,3.912023
16,12,256.25,5.546154
16,12,256.25,5.546154
16,12,225,5.416101
16,12,225,5.416101
16,12,75,4.317488
16,12,25,3.218876
16,12,125,4.828314
16,12,75,4.317488
16,12,300,5.703783
16,12,75,4.317488
16,12,550,6.309918
16,12,300,5.703783
16,12,50,3.912023
16,12,250,5.521461
16,12,300,5.703783
16,12,100,4.60517
16,12,100,4.60517
16,12,200,5.298317
16,12,200,5.298317
16,12,200,5.298317
16,12,150,5.010635
16,12,350,5.857933
16,12,200,5.298317
16,12,350,5.857933
16,12,200,5.298317
16,12,350,5.857933
16,12,150,5.010635
16,12,200,5.298317
16,12,450,6.109248
16,12,200,5.298317
16,12,400,5.991465
16,12,250,5.521461
16,12,150,5.010635
16,12,300,5.703783
16,12,400,5.991465
16,12,150,5.010635
16,12,300,5.703783
16,12,400,5.991465
16,12,150,5.010635
16,12,350,5.857933
16,12,250,5.521461
16,12,400,5.991465
16,12,500,6.214608
16,12,250,5.521461
16,12,350,5.857933
16,12,450,6.109248
16,12,300,5.703783
16,12,250,5.521461
16,12,400,5.991465
16,12,350,5.857933
16,12,200,5.298317
16,12,350,5.857933
16,12,400,5.991465
16,12,300,5.703783
16,12,350,5.857933
16,12,350,5.857933
16,12,450,6.109248
16,12,400,5.991465
16,12,350,5.857933
16,12,400,5.991465
16,12,350,5.857933
16,12,275,5.616771
16,12,250,5.521461
16,12,450,6.109248
16,12,600,6.39693
16,12,450,6.109248
16,12,350,5.857933
16,12,350,5.857933
16,12,250,5.521461
16,12,500,6.214608
16,12,350,5.857933
16,12,450,6.109248
16,12,450,6.109248
16,12,350,5.857933
16,12,600,6.39693
16,12,650,6.476973
16,12,525,6.263398
16,12,1325,7.189168
17,12,150,5.010635
17,12,50,3.912023
17,12,250,5.521461
17,12,50,3.912023
17,12,100,4.60517
17,12,150,5.010635
17,12,50,3.912023
17,12,6.25,1.832582
17,12,31.25,3.442019
17,12,206.25,5.329089
17,12,206.25,5.329089
17,12,6.25,1.832582
17,12,125,4.828314
17,12,225,5.416101
17,12,250,5.521461
17,12,250,5.521461
17,12,300,5.703783
17,12,150,5.010635
17,12,250,5.521461
17,12,100,4.60517
17,12,250,5.521461
17,12,200,5.298317
17,12,100,4.60517
17,12,250,5.521461
17,12,350,5.857933
17,12,150,5.010635
17,12,250,5.521461
17,12,300,5.703783
17,12,200,5.298317
17,12,100,4.60517
17,12,250,5.521461
17,12,106.25,4.665795
17,12,200,5.298317
17,12,250,5.521461
17,12,400,5.991465
17,12,500,6.214608
17,12,250,5.521461
17,12,300,5.703783
17,12,175,5.164786
17,12,350,5.857933
17,12,400,5.991465
17,12,150,5.010635
17,12,200,5.298317
17,12,206.25,5.329089
17,12,300,5.703783
17,12,250,5.521461
17,12,300,5.703783
17,12,300,5.703783
17,12,250,5.521461
17,12,400,5.991465
17,12,400,5.991465
17,12,400,5.991465
17,12,206.25,5.329089
17,12,400,5.991465
17,12,300,5.703783
17,12,250,5.521461
17,12,400,5.991465
17,12,450,6.109248
17,12,250,5.521461
17,12,275,5.616771
17,12,356.25,5.875633
17,12,700,6.55108
18,12,100,4.60517
18,12,100,4.60517
18,12,100,4.60517
18,12,100,4.60517
18,12,25,3.218876
18,12,150,5.010635
18,12,100,4.60517
18,12,200,5.298317
18,12,150,5.010635
18,12,50,3.912023
18,12,50,3.912023
18,12,156.25,5.051457
18,12,175,5.164786
18,12,225,5.416101
18,12,125,4.828314
18,12,225,5.416101
18,12,125,4.828314
18,12,200,5.298317
18,12,250,5.521461
18,12,50,3.912023
18,12,100,4.60517
18,12,75,4.317488
18,12,250,5.521461
18,12,200,5.298317
18,12,300,5.703783
18,12,125,4.828314
18,12,300,5.703783
18,12,250,5.521461
18,12,200,5.298317
18,12,300,5.703783
18,12,150,5.010635
18,12,150,5.010635
18,12,150,5.010635
18,12,100,4.60517
18,12,200,5.298317
18,12,200,5.298317
18,12,300,5.703783
18,12,300,5.703783
18,12,150,5.010635
18,12,500,6.214608
18,12,150,5.010635
18,12,350,5.857933
18,12,300,5.703783
18,12,400,5.991465
18,12,400,5.991465
18,12,150,5.010635
18,12,150,5.010635
18,12,300,5.703783
18,12,350,5.857933
18,12,400,5.991465
18,12,175,5.164786
18,12,500,6.214608
18,12,350,5.857933
18,12,250,5.521461
18,12,250,5.521461
18,12,350,5.857933
18,12,300,5.703783
18,12,350,5.857933
18,12,200,5.298317
18,12,400,5.991465
18,12,350,5.857933
18,12,200,5.298317
18,12,450,6.109248
18,12,450,6.109248
18,12,550,6.309918
18,12,500,6.214608
18,12,450,6.109248
18,12,250,5.521461
18,12,450,6.109248
18,12,600,6.39693
18,12,700,6.55108
18,12,350,5.857933
18,12,550,6.309918
18,12,450,6.109248
19,12,200,5.298317
19,12,200,5.298317
19,12,150,5.010635
19,12,50,3.912023
19,12,250,5.521461
19,12,50,3.912023
19,12,250,5.521461
19,12,250,5.521461
19,12,50,3.912023
19,12,6.25,1.832582
19,12,256.25,5.546154
19,12,206.25,5.329089
19,12,6.25,1.832582
19,12,56.25,4.029806
19,12,225,5.416101
19,12,175,5.164786
19,12,250,5.521461
19,12,300,5.703783
19,12,50,3.912023
19,12,50,3.912023
19,12,56.25,4.029806
19,12,250,5.521461
19,12,100,4.60517
19,12,200,5.298317
19,12,50,3.912023
19,12,200,5.298317
19,12,250,5.521461
19,12,450,6.109248
19,12,106.25,4.665795
19,12,200,5.298317
19,12,300,5.703783
19,12,350,5.857933
19,12,150,5.010635
19,12,200,5.298317
19,12,156.25,5.051457
19,12,175,5.164786
19,12,350,5.857933
19,12,150,5.010635
19,12,200,5.298317
19,12,200,5.298317
19,12,500,6.214608
19,12,300,5.703783
19,12,350,5.857933
19,12,200,5.298317
19,12,200,5.298317
19,12,450,6.109248
19,12,200,5.298317
19,12,450,6.109248
19,12,450,6.109248
19,12,400,5.991465
19,12,250,5.521461
19,12,206.25,5.329089
19,12,250,5.521461
19,12,256.25,5.546154
19,12,275,5.616771
19,12,600,6.39693
19,12,450,6.109248
19,12,450,6.109248
19,12,450,6.109248
19,12,450,6.109248
19,12,350,5.857933
19,12,350,5.857933
19,12,356.25,5.875633
19,12,350,5.857933
19,12,550,6.309918
19,12,350,5.857933
19,12,550,6.309918
20,12,6.25,1.832582
20,12,25,3.218876
20,12,250,5.521461
20,12,200,5.298317
20,12,200,5.298317
20,12,100,4.60517
20,12,50,3.912023
20,12,25,3.218876
20,12,25,3.218876
20,12,150,5.010635
20,12,256.25,5.546154
20,12,156.25,5.051457
20,12,6.25,1.832582
20,12,375,5.926926
20,12,25,3.218876
20,12,275,5.616771
20,12,50,3.912023
20,12,25,3.218876
20,12,50,3.912023
20,12,375,5.926926
20,12,225,5.416101
20,12,50,3.912023
20,12,250,5.521461
20,12,50,3.912023
20,12,550,6.309918
20,12,250,5.521461
20,12,300,5.703783
20,12,400,5.991465
20,12,125,4.828314
20,12,100,4.60517
20,12,300,5.703783
20,12,450,6.109248
20,12,350,5.857933
20,12,300,5.703783
20,12,300,5.703783
20,12,200,5.298317
20,12,450,6.109248
20,12,250,5.521461
20,12,200,5.298317
20,12,300,5.703783
20,12,200,5.298317
20,12,350,5.857933
20,12,175,5.164786
20,12,400,5.991465
20,12,200,5.298317
20,12,200,5.298317
20,12,350,5.857933
20,12,250,5.521461
20,12,175,5.164786
20,12,400,5.991465
20,12,400,5.991465
20,12,200,5.298317
20,12,550,6.309918
20,12,550,6.309918
20,12,550,6.309918
20,12,400,5.991465
20,12,300,5.703783
20,12,250,5.521461
20,12,200,5.298317
20,12,350,5.857933
20,12,250,5.521461
20,12,275,5.616771
20,12,350,5.857933
20,12,300,5.703783
20,12,275,5.616771
20,12,250,5.521461
20,12,400,5.991465
20,12,350,5.857933
20,12,500,6.214608
20,12,500,6.214608
20,12,600,6.39693
20,12,500,6.214608
20,12,375,5.926926
20,12,500,6.214608
20,12,700,6.55108
20,12,700,6.55108
20,12,350,5.857933
20,12,350,5.857933
20,12,450,6.109248
20,12,500,6.214608
21,12,200,5.298317
21,12,50,3.912023
21,12,6.25,1.832582
21,12,100,4.60517
21,12,200,5.298317
21,12,50,3.912023
21,12,50,3.912023
21,12,50,3.912023
21,12,250,5.521461
21,12,100,4.60517
21,12,150,5.010635
21,12,256.25,5.546154
21,12,6.25,1.832582
21,12,206.25,5.329089
21,12,206.25,5.329089
21,12,6.25,1.832582
21,12,256.25,5.546154
21,12,56.25,4.029806
21,12,125,4.828314
21,12,50,3.912023
21,12,125,4.828314
21,12,175,5.164786
21,12,225,5.416101
21,12,25,3.218876
21,12,50,3.912023
21,12,250,5.521461
21,12,250,5.521461
21,12,300,5.703783
21,12,50,3.912023
21,12,300,5.703783
21,12,300,5.703783
21,12,100,4.60517
21,12,100,4.60517
21,12,250,5.521461
21,12,150,5.010635
21,12,250,5.521461
21,12,75,4.317488
21,12,150,5.010635
21,12,350,5.857933
21,12,350,5.857933
21,12,300,5.703783
21,12,300,5.703783
21,12,106.25,4.665795
21,12,106.25,4.665795
21,12,350,5.857933
21,12,350,5.857933
21,12,300,5.703783
21,12,250,5.521461
21,12,200,5.298317
21,12,150,5.010635
21,12,200,5.298317
21,12,400,5.991465
21,12,400,5.991465
21,12,250,5.521461
21,12,400,5.991465
21,12,156.25,5.051457
21,12,206.25,5.329089
21,12,250,5.521461
21,12,250,5.521461
21,12,200,5.298317
21,12,200,5.298317
21,12,206.25,5.329089
21,12,250,5.521461
21,12,225,5.416101
21,12,400,5.991465
21,12,300,5.703783
21,12,350,5.857933
21,12,200,5.298317
21,12,400,5.991465
21,12,400,5.991465
21,12,250,5.521461
21,12,400,5.991465
21,12,300,5.703783
21,12,350,5.857933
21,12,500,6.214608
21,12,275,5.616771
21,12,500,6.214608
21,12,300,5.703783
21,12,250,5.521461
21,12,350,5.857933
21,12,350,5.857933
21,12,350,5.857933
21,12,550,6.309918
21,12,750,6.620073
21,12,550,6.309918
22,12,200,5.298317
22,12,350,5.857933
22,12,250,5.521461
22,12,50,3.912023
22,12,100,4.60517
22,12,200,5.298317
22,12,156.25,5.051457
22,12,256.25,5.546154
22,12,206.25,5.329089
22,12,256.25,5.546154
22,12,56.25,4.029806
22,12,6.25,1.832582
22,12,31.25,3.442019
22,12,275,5.616771
22,12,125,4.828314
22,12,200,5.298317
22,12,250,5.521461
22,12,150,5.010635
22,12,200,5.298317
22,12,150,5.010635
22,12,400,5.991465
22,12,100,4.60517
22,12,150,5.010635
22,12,400,5.991465
22,12,300,5.703783
22,12,100,4.60517
22,12,50,3.912023
22,12,300,5.703783
22,12,150,5.010635
22,12,150,5.010635
22,12,300,5.703783
22,12,150,5.010635
22,12,300,5.703783
22,12,200,5.298317
22,12,350,5.857933
22,12,106.25,4.665795
22,12,106.25,4.665795
22,12,200,5.298317
22,12,250,5.521461
22,12,200,5.298317
22,12,200,5.298317
22,12,150,5.010635
22,12,200,5.298317
22,12,200,5.298317
22,12,150,5.010635
22,12,350,5.857933
22,12,250,5.521461
22,12,150,5.010635
22,12,150,5.010635
22,12,200,5.298317
22,12,200,5.298317
22,12,400,5.991465
22,12,300,5.703783
22,12,400,5.991465
22,12,300,5.703783
22,12,250,5.521461
22,12,200,5.298317
22,12,225,5.416101
22,12,400,5.991465
22,12,250,5.521461
22,12,250,5.521461
22,12,350,5.857933
22,12,550,6.309918
22,12,300,5.703783
22,12,550,6.309918
22,12,250,5.521461
22,12,250,5.521461
22,12,350,5.857933
22,12,250,5.521461
22,12,450,6.109248
22,12,450,6.109248
22,12,450,6.109248
22,12,300,5.703783
22,12,350,5.857933
22,12,450,6.109248
22,12,450,6.109248
22,12,400,5.991465
22,12,300,5.703783
22,12,350,5.857933
22,12,450,6.109248
22,12,700,6.55108
22,12,450,6.109248
22,12,450,6.109248
22,12,850,6.745236
22,12,350,5.857933
22,12,500,6.214608
22,12,356.25,5.875633
22,12,400,5.991465
22,12,600,6.39693
23,12,200,5.298317
23,12,250,5.521461
23,12,250,5.521461
23,12,50,3.912023
23,12,250,5.521461
23,12,100,4.60517
23,12,150,5.010635
23,12,6.25,1.832582
23,12,25,3.218876
23,12,56.25,4.029806
23,12,106.25,4.665795
23,12,6.25,1.832582
23,12,256.25,5.546154
23,12,125,4.828314
23,12,175,5.164786
23,12,25,3.218876
23,12,300,5.703783
23,12,100,4.60517
23,12,300,5.703783
23,12,250,5.521461
23,12,300,5.703783
23,12,400,5.991465
23,12,400,5.991465
23,12,550,6.309918
23,12,300,5.703783
23,12,56.25,4.029806
23,12,50,3.912023
23,12,50,3.912023
23,12,50,3.912023
23,12,150,5.010635
23,12,200,5.298317
23,12,200,5.298317
23,12,250,5.521461
23,12,150,5.010635
23,12,300,5.703783
23,12,106.25,4.665795
23,12,350,5.857933
23,12,150,5.010635
23,12,100,4.60517
23,12,300,5.703783
23,12,500,6.214608
23,12,200,5.298317
23,12,156.25,5.051457
23,12,650,6.476973
23,12,156.25,5.051457
23,12,300,5.703783
23,12,200,5.298317
23,12,450,6.109248
23,12,200,5.298317
23,12,250,5.521461
23,12,350,5.857933
23,12,500,6.214608
23,12,250,5.521461
23,12,600,6.39693
23,12,400,5.991465
23,12,275,5.616771
23,12,256.25,5.546154
23,12,450,6.109248
23,12,300,5.703783
23,12,500,6.214608
23,12,300,5.703783
23,12,400,5.991465
23,12,400,5.991465
23,12,450,6.109248
23,12,500,6.214608
23,12,450,6.109248
23,12,600,6.39693
23,12,550,6.309918
2,13,25,3.218876
2,13,25,3.218876
2,13,100,4.60517
2,13,6.25,1.832582
2,13,106.25,4.665795
2,13,50,3.912023
2,13,75,4.317488
2,13,75,4.317488
2,13,100,4.60517
2,13,200,5.298317
3,13,106.25,4.665795
3,13,106.25,4.665795
3,13,125,4.828314
3,13,125,4.828314
3,13,100,4.60517
3,13,100,4.60517
3,13,56.25,4.029806
3,13,150,5.010635
3,13,150,5.010635
3,13,150,5.010635
3,13,300,5.703783
3,13,200,5.298317
3,13,200,5.298317
3,13,150,5.010635
3,13,106.25,4.665795
3,13,300,5.703783
3,13,150,5.010635
3,13,150,5.010635
3,13,200,5.298317
3,13,150,5.010635
3,13,250,5.521461
3,13,200,5.298317
3,13,250,5.521461
4,13,150,5.010635
4,13,56.25,4.029806
4,13,106.25,4.665795
4,13,150,5.010635
4,13,56.25,4.029806
4,13,150,5.010635
4,13,150,5.010635
4,13,150,5.010635
4,13,200,5.298317
4,13,150,5.010635
4,13,150,5.010635
4,13,150,5.010635
4,13,150,5.010635
4,13,200,5.298317
4,13,250,5.521461
4,13,250,5.521461
4,13,150,5.010635
4,13,150,5.010635
4,13,150,5.010635
4,13,150,5.010635
4,13,106.25,4.665795
4,13,200,5.298317
4,13,156.25,5.051457
4,13,250,5.521461
4,13,350,5.857933
4,13,200,5.298317
4,13,300,5.703783
4,13,300,5.703783
5,13,100,4.60517
5,13,100,4.60517
5,13,50,3.912023
5,13,156.25,5.051457
5,13,156.25,5.051457
5,13,100,4.60517
5,13,200,5.298317
5,13,100,4.60517
5,13,200,5.298317
5,13,250,5.521461
5,13,200,5.298317
5,13,250,5.521461
5,13,106.25,4.665795
5,13,150,5.010635
5,13,150,5.010635
5,13,100,4.60517
5,13,150,5.010635
5,13,250,5.521461
5,13,300,5.703783
5,13,250,5.521461
5,13,300,5.703783
5,13,300,5.703783
5,13,156.25,5.051457
5,13,200,5.298317
5,13,156.25,5.051457
6,13,200,5.298317
6,13,100,4.60517
6,13,106.25,4.665795
6,13,400,5.991465
6,13,200,5.298317
6,13,250,5.521461
6,13,200,5.298317
6,13,200,5.298317
6,13,250,5.521461
6,13,250,5.521461
6,13,150,5.010635
6,13,250,5.521461
6,13,300,5.703783
6,13,250,5.521461
6,13,300,5.703783
6,13,300,5.703783
6,13,300,5.703783
6,13,250,5.521461
6,13,300,5.703783
6,13,300,5.703783
6,13,300,5.703783
6,13,300,5.703783
6,13,300,5.703783
6,13,200,5.298317
6,13,400,5.991465
6,13,350,5.857933
6,13,500,6.214608
6,13,500,6.214608
7,13,150,5.010635
7,13,25,3.218876
7,13,125,4.828314
7,13,125,4.828314
7,13,150,5.010635
7,13,300,5.703783
7,13,100,4.60517
7,13,250,5.521461
7,13,150,5.010635
7,13,200,5.298317
7,13,100,4.60517
7,13,150,5.010635
7,13,125,4.828314
7,13,125,4.828314
7,13,200,5.298317
7,13,200,5.298317
7,13,100,4.60517
7,13,200,5.298317
7,13,200,5.298317
7,13,150,5.010635
7,13,350,5.857933
7,13,175,5.164786
7,13,250,5.521461
7,13,250,5.521461
7,13,150,5.010635
7,13,250,5.521461
7,13,250,5.521461
7,13,300,5.703783
7,13,300,5.703783
7,13,400,5.991465
7,13,250,5.521461
8,13,200,5.298317
8,13,150,5.010635
8,13,175,5.164786
8,13,100,4.60517
8,13,50,3.912023
8,13,150,5.010635
8,13,150,5.010635
8,13,250,5.521461
8,13,150,5.010635
8,13,150,5.010635
8,13,250,5.521461
8,13,250,5.521461
8,13,250,5.521461
8,13,200,5.298317
8,13,100,4.60517
8,13,150,5.010635
8,13,300,5.703783
8,13,300,5.703783
8,13,300,5.703783
8,13,150,5.010635
8,13,200,5.298317
8,13,300,5.703783
8,13,300,5.703783
8,13,300,5.703783
8,13,175,5.164786
8,13,350,5.857933
8,13,250,5.521461
8,13,300,5.703783
8,13,350,5.857933
8,13,350,5.857933
8,13,300,5.703783
8,13,300,5.703783
8,13,300,5.703783
8,13,350,5.857933
8,13,400,5.991465
8,13,350,5.857933
8,13,400,5.991465
9,13,25,3.218876
9,13,106.25,4.665795
9,13,50,3.912023
9,13,250,5.521461
9,13,250,5.521461
9,13,200,5.298317
9,13,106.25,4.665795
9,13,250,5.521461
9,13,450,6.109248
9,13,300,5.703783
9,13,250,5.521461
9,13,250,5.521461
9,13,156.25,5.051457
9,13,250,5.521461
9,13,250,5.521461
9,13,300,5.703783
9,13,156.25,5.051457
9,13,250,5.521461
9,13,350,5.857933
9,13,350,5.857933
9,13,500,6.214608
10,13,150,5.010635
10,13,100,4.60517
10,13,100,4.60517
10,13,150,5.010635
10,13,106.25,4.665795
10,13,175,5.164786
10,13,125,4.828314
10,13,31.25,3.442019
10,13,275,5.616771
10,13,300,5.703783
10,13,150,5.010635
10,13,200,5.298317
10,13,300,5.703783
10,13,200,5.298317
10,13,200,5.298317
10,13,250,5.521461
10,13,100,4.60517
10,13,300,5.703783
10,13,250,5.521461
10,13,250,5.521461
10,13,200,5.298317
10,13,350,5.857933
10,13,300,5.703783
10,13,350,5.857933
10,13,300,5.703783
10,13,350,5.857933
10,13,150,5.010635
10,13,300,5.703783
10,13,250,5.521461
10,13,150,5.010635
10,13,250,5.521461
10,13,175,5.164786
10,13,250,5.521461
10,13,250,5.521461
10,13,350,5.857933
10,13,300,5.703783
10,13,350,5.857933
10,13,300,5.703783
10,13,300,5.703783
10,13,300,5.703783
10,13,200,5.298317
10,13,300,5.703783
10,13,450,6.109248
10,13,450,6.109248
10,13,1150,7.047517
11,13,200,5.298317
11,13,200,5.298317
11,13,100,4.60517
11,13,150,5.010635
11,13,50,3.912023
11,13,175,5.164786
11,13,125,4.828314
11,13,150,5.010635
11,13,150,5.010635
11,13,200,5.298317
11,13,100,4.60517
11,13,150,5.010635
11,13,150,5.010635
11,13,100,4.60517
11,13,250,5.521461
11,13,200,5.298317
11,13,100,4.60517
11,13,250,5.521461
11,13,200,5.298317
11,13,125,4.828314
11,13,300,5.703783
11,13,300,5.703783
11,13,250,5.521461
11,13,350,5.857933
11,13,250,5.521461
11,13,250,5.521461
11,13,150,5.010635
11,13,350,5.857933
11,13,300,5.703783
11,13,400,5.991465
11,13,350,5.857933
11,13,200,5.298317
11,13,250,5.521461
11,13,300,5.703783
11,13,300,5.703783
11,13,225,5.416101
11,13,300,5.703783
11,13,300,5.703783
11,13,400,5.991465
11,13,400,5.991465
11,13,1050,6.956545
12,13,150,5.010635
12,13,50,3.912023
12,13,200,5.298317
12,13,100,4.60517
12,13,150,5.010635
12,13,250,5.521461
12,13,100,4.60517
12,13,206.25,5.329089
12,13,56.25,4.029806
12,13,6.25,1.832582
12,13,175,5.164786
12,13,25,3.218876
12,13,25,3.218876
12,13,300,5.703783
12,13,150,5.010635
12,13,250,5.521461
12,13,150,5.010635
12,13,100,4.60517
12,13,200,5.298317
12,13,250,5.521461
12,13,106.25,4.665795
12,13,350,5.857933
12,13,100,4.60517
12,13,250,5.521461
12,13,350,5.857933
12,13,250,5.521461
12,13,350,5.857933
12,13,300,5.703783
12,13,150,5.010635
12,13,350,5.857933
12,13,300,5.703783
12,13,400,5.991465
12,13,250,5.521461
12,13,150,5.010635
12,13,250,5.521461
12,13,200,5.298317
12,13,175,5.164786
12,13,350,5.857933
12,13,175,5.164786
12,13,300,5.703783
12,13,300,5.703783
12,13,225,5.416101
12,13,350,5.857933
12,13,300,5.703783
12,13,400,5.991465
12,13,400,5.991465
12,13,350,5.857933
12,13,500,6.214608
12,13,300,5.703783
13,13,50,3.912023
13,13,150,5.010635
13,13,150,5.010635
13,13,150,5.010635
13,13,150,5.010635
13,13,12.5,2.525729
13,13,256.25,5.546154
13,13,275,5.616771
13,13,225,5.416101
13,13,200,5.298317
13,13,250,5.521461
13,13,250,5.521461
13,13,200,5.298317
13,13,250,5.521461
13,13,300,5.703783
13,13,250,5.521461
13,13,100,4.60517
13,13,106.25,4.665795
13,13,350,5.857933
13,13,300,5.703783
13,13,400,5.991465
13,13,300,5.703783
13,13,300,5.703783
13,13,300,5.703783
13,13,300,5.703783
13,13,250,5.521461
13,13,300,5.703783
13,13,200,5.298317
13,13,150,5.010635
13,13,156.25,5.051457
13,13,300,5.703783
13,13,206.25,5.329089
13,13,350,5.857933
13,13,450,6.109248
13,13,250,5.521461
13,13,200,5.298317
13,13,350,5.857933
13,13,350,5.857933
13,13,350,5.857933
13,13,450,6.109248
13,13,400,5.991465
14,13,150,5.010635
14,13,250,5.521461
14,13,25,3.218876
14,13,150,5.010635
14,13,25,3.218876
14,13,150,5.010635
14,13,100,4.60517
14,13,150,5.010635
14,13,6.25,1.832582
14,13,56.25,4.029806
14,13,31.25,3.442019
14,13,25,3.218876
14,13,25,3.218876
14,13,50,3.912023
14,13,25,3.218876
14,13,100,4.60517
14,13,250,5.521461
14,13,300,5.703783
14,13,200,5.298317
14,13,250,5.521461
14,13,150,5.010635
14,13,150,5.010635
14,13,450,6.109248
14,13,100,4.60517
14,13,150,5.010635
14,13,150,5.010635
14,13,150,5.010635
14,13,350,5.857933
14,13,150,5.010635
14,13,250,5.521461
14,13,500,6.214608
14,13,150,5.010635
14,13,250,5.521461
14,13,206.25,5.329089
14,13,250,5.521461
14,13,200,5.298317
14,13,200,5.298317
14,13,350,5.857933
14,13,350,5.857933
14,13,350,5.857933
14,13,450,6.109248
14,13,256.25,5.546154
14,13,400,5.991465
14,13,500,6.214608
14,13,300,5.703783
14,13,250,5.521461
14,13,500,6.214608
14,13,500,6.214608
14,13,550,6.309918
15,13,200,5.298317
15,13,100,4.60517
15,13,50,3.912023
15,13,50,3.912023
15,13,100,4.60517
15,13,100,4.60517
15,13,200,5.298317
15,13,56.25,4.029806
15,13,6.25,1.832582
15,13,106.25,4.665795
15,13,175,5.164786
15,13,200,5.298317
15,13,250,5.521461
15,13,200,5.298317
15,13,300,5.703783
15,13,300,5.703783
15,13,100,4.60517
15,13,450,6.109248
15,13,300,5.703783
15,13,250,5.521461
15,13,200,5.298317
15,13,250,5.521461
15,13,100,4.60517
15,13,250,5.521461
15,13,300,5.703783
15,13,250,5.521461
15,13,200,5.298317
15,13,400,5.991465
15,13,650,6.476973
15,13,250,5.521461
15,13,150,5.010635
15,13,250,5.521461
15,13,300,5.703783
15,13,156.25,5.051457
15,13,550,6.309918
15,13,250,5.521461
15,13,400,5.991465
15,13,450,6.109248
15,13,450,6.109248
15,13,206.25,5.329089
15,13,200,5.298317
15,13,700,6.55108
15,13,200,5.298317
15,13,350,5.857933
15,13,400,5.991465
15,13,350,5.857933
15,13,350,5.857933
15,13,450,6.109248
15,13,750,6.620073
15,13,500,6.214608
15,13,350,5.857933
15,13,500,6.214608
16,13,50,3.912023
16,13,100,4.60517
16,13,350,5.857933
16,13,25,3.218876
16,13,200,5.298317
16,13,256.25,5.546154
16,13,75,4.317488
16,13,225,5.416101
16,13,200,5.298317
16,13,150,5.010635
16,13,50,3.912023
16,13,300,5.703783
16,13,150,5.010635
16,13,200,5.298317
16,13,200,5.298317
16,13,350,5.857933
16,13,100,4.60517
16,13,300,5.703783
16,13,150,5.010635
16,13,300,5.703783
16,13,350,5.857933
16,13,200,5.298317
16,13,450,6.109248
16,13,150,5.010635
16,13,350,5.857933
16,13,100,4.60517
16,13,150,5.010635
16,13,250,5.521461
16,13,200,5.298317
16,13,200,5.298317
16,13,350,5.857933
16,13,300,5.703783
16,13,175,5.164786
16,13,250,5.521461
16,13,350,5.857933
16,13,500,6.214608
16,13,250,5.521461
16,13,450,6.109248
16,13,350,5.857933
16,13,350,5.857933
16,13,350,5.857933
16,13,350,5.857933
16,13,450,6.109248
16,13,200,5.298317
16,13,400,5.991465
16,13,450,6.109248
16,13,450,6.109248
16,13,600,6.39693
16,13,300,5.703783
16,13,400,5.991465
16,13,400,5.991465
16,13,400,5.991465
16,13,350,5.857933
16,13,275,5.616771
16,13,450,6.109248
16,13,400,5.991465
16,13,450,6.109248
16,13,450,6.109248
16,13,450,6.109248
16,13,600,6.39693
17,13,50,3.912023
17,13,100,4.60517
17,13,200,5.298317
17,13,56.25,4.029806
17,13,6.25,1.832582
17,13,275,5.616771
17,13,75,4.317488
17,13,100,4.60517
17,13,100,4.60517
17,13,50,3.912023
17,13,56.25,4.029806
17,13,200,5.298317
17,13,50,3.912023
17,13,150,5.010635
17,13,250,5.521461
17,13,400,5.991465
17,13,400,5.991465
17,13,200,5.298317
17,13,300,5.703783
17,13,200,5.298317
17,13,350,5.857933
17,13,200,5.298317
17,13,350,5.857933
17,13,206.25,5.329089
17,13,400,5.991465
17,13,250,5.521461
17,13,500,6.214608
17,13,275,5.616771
17,13,350,5.857933
17,13,350,5.857933
17,13,550,6.309918
17,13,700,6.55108
18,13,150,5.010635
18,13,100,4.60517
18,13,250,5.521461
18,13,250,5.521461
18,13,56.25,4.029806
18,13,6.25,1.832582
18,13,275,5.616771
18,13,150,5.010635
18,13,50,3.912023
18,13,300,5.703783
18,13,200,5.298317
18,13,150,5.010635
18,13,56.25,4.029806
18,13,100,4.60517
18,13,150,5.010635
18,13,100,4.60517
18,13,300,5.703783
18,13,150,5.010635
18,13,106.25,4.665795
18,13,250,5.521461
18,13,250,5.521461
18,13,150,5.010635
18,13,156.25,5.051457
18,13,250,5.521461
18,13,400,5.991465
18,13,400,5.991465
18,13,250,5.521461
18,13,350,5.857933
18,13,450,6.109248
18,13,250,5.521461
18,13,250,5.521461
18,13,500,6.214608
18,13,250,5.521461
18,13,350,5.857933
18,13,275,5.616771
18,13,400,5.991465
18,13,500,6.214608
18,13,400,5.991465
19,13,250,5.521461
19,13,25,3.218876
19,13,250,5.521461
19,13,100,4.60517
19,13,50,3.912023
19,13,56.25,4.029806
19,13,25,3.218876
19,13,375,5.926926
19,13,175,5.164786
19,13,275,5.616771
19,13,275,5.616771
19,13,275,5.616771
19,13,225,5.416101
19,13,56.25,4.029806
19,13,150,5.010635
19,13,200,5.298317
19,13,300,5.703783
19,13,400,5.991465
19,13,50,3.912023
19,13,100,4.60517
19,13,350,5.857933
19,13,106.25,4.665795
19,13,450,6.109248
19,13,125,4.828314
19,13,350,5.857933
19,13,100,4.60517
19,13,250,5.521461
19,13,350,5.857933
19,13,250,5.521461
19,13,250,5.521461
19,13,250,5.521461
19,13,350,5.857933
19,13,150,5.010635
19,13,450,6.109248
19,13,200,5.298317
19,13,450,6.109248
19,13,300,5.703783
19,13,300,5.703783
19,13,350,5.857933
19,13,256.25,5.546154
19,13,600,6.39693
19,13,400,5.991465
19,13,350,5.857933
19,13,600,6.39693
19,13,400,5.991465
19,13,375,5.926926
19,13,600,6.39693
19,13,400,5.991465
19,13,350,5.857933
19,13,400,5.991465
20,13,50,3.912023
20,13,100,4.60517
20,13,50,3.912023
20,13,100,4.60517
20,13,200,5.298317
20,13,200,5.298317
20,13,350,5.857933
20,13,375,5.926926
20,13,50,3.912023
20,13,400,5.991465
20,13,150,5.010635
20,13,250,5.521461
20,13,300,5.703783
20,13,100,4.60517
20,13,300,5.703783
20,13,200,5.298317
20,13,150,5.010635
20,13,450,6.109248
20,13,150,5.010635
20,13,100,4.60517
20,13,500,6.214608
20,13,350,5.857933
20,13,150,5.010635
20,13,350,5.857933
20,13,350,5.857933
20,13,150,5.010635
20,13,200,5.298317
20,13,550,6.309918
20,13,550,6.309918
20,13,200,5.298317
20,13,400,5.991465
20,13,200,5.298317
20,13,350,5.857933
20,13,250,5.521461
20,13,350,5.857933
20,13,300,5.703783
20,13,400,5.991465
20,13,300,5.703783
20,13,500,6.214608
20,13,700,6.55108
20,13,350,5.857933
20,13,450,6.109248
21,13,200,5.298317
21,13,50,3.912023
21,13,150,5.010635
21,13,200,5.298317
21,13,25,3.218876
21,13,275,5.616771
21,13,150,5.010635
21,13,100,4.60517
21,13,300,5.703783
21,13,300,5.703783
21,13,100,4.60517
21,13,75,4.317488
21,13,450,6.109248
21,13,150,5.010635
21,13,125,4.828314
21,13,300,5.703783
21,13,300,5.703783
21,13,300,5.703783
21,13,500,6.214608
21,13,250,5.521461
21,13,350,5.857933
21,13,250,5.521461
21,13,150,5.010635
21,13,350,5.857933
21,13,400,5.991465
21,13,250,5.521461
21,13,300,5.703783
21,13,550,6.309918
21,13,300,5.703783
21,13,300,5.703783
21,13,450,6.109248
21,13,275,5.616771
21,13,500,6.214608
21,13,275,5.616771
21,13,450,6.109248
21,13,300,5.703783
21,13,600,6.39693
21,13,600,6.39693
21,13,550,6.309918
22,13,100,4.60517
22,13,100,4.60517
22,13,250,5.521461
22,13,50,3.912023
22,13,356.25,5.875633
22,13,106.25,4.665795
22,13,225,5.416101
22,13,300,5.703783
22,13,250,5.521461
22,13,250,5.521461
22,13,100,4.60517
22,13,350,5.857933
22,13,200,5.298317
22,13,150,5.010635
22,13,300,5.703783
22,13,400,5.991465
22,13,450,6.109248
22,13,500,6.214608
22,13,450,6.109248
22,13,300,5.703783
22,13,600,6.39693
22,13,600,6.39693
22,13,350,5.857933
1,14,150,5.010635
1,14,200,5.298317
1,14,200,5.298317
2,14,200,5.298317
2,14,225,5.416101
2,14,125,4.828314
2,14,150,5.010635
2,14,100,4.60517
2,14,75,4.317488
2,14,200,5.298317
2,14,100,4.60517
2,14,200,5.298317
2,14,100,4.60517
2,14,150,5.010635
2,14,150,5.010635
2,14,250,5.521461
3,14,106.25,4.665795
3,14,100,4.60517
3,14,100,4.60517
3,14,250,5.521461
3,14,250,5.521461
3,14,200,5.298317
3,14,200,5.298317
3,14,150,5.010635
3,14,250,5.521461
3,14,156.25,5.051457
3,14,250,5.521461
3,14,200,5.298317
4,14,200,5.298317
4,14,150,5.010635
4,14,100,4.60517
4,14,150,5.010635
4,14,150,5.010635
4,14,200,5.298317
4,14,200,5.298317
4,14,200,5.298317
4,14,200,5.298317
4,14,200,5.298317
4,14,300,5.703783
4,14,150,5.010635
4,14,200,5.298317
4,14,200,5.298317
4,14,150,5.010635
4,14,150,5.010635
4,14,300,5.703783
4,14,250,5.521461
4,14,250,5.521461
4,14,300,5.703783
4,14,250,5.521461
5,14,75,4.317488
5,14,150,5.010635
5,14,75,4.317488
5,14,250,5.521461
5,14,250,5.521461
5,14,200,5.298317
5,14,125,4.828314
5,14,200,5.298317
5,14,200,5.298317
5,14,200,5.298317
5,14,250,5.521461
5,14,200,5.298317
5,14,250,5.521461
5,14,250,5.521461
5,14,300,5.703783
5,14,350,5.857933
5,14,250,5.521461
5,14,200,5.298317
5,14,300,5.703783
5,14,300,5.703783
5,14,300,5.703783
6,14,100,4.60517
6,14,100,4.60517
6,14,150,5.010635
6,14,250,5.521461
6,14,200,5.298317
6,14,100,4.60517
6,14,250,5.521461
6,14,250,5.521461
6,14,250,5.521461
6,14,100,4.60517
6,14,250,5.521461
6,14,200,5.298317
6,14,300,5.703783
6,14,250,5.521461
6,14,250,5.521461
6,14,300,5.703783
6,14,250,5.521461
6,14,250,5.521461
6,14,300,5.703783
7,14,150,5.010635
7,14,25,3.218876
7,14,225,5.416101
7,14,200,5.298317
7,14,250,5.521461
7,14,200,5.298317
7,14,150,5.010635
7,14,150,5.010635
7,14,250,5.521461
7,14,300,5.703783
7,14,350,5.857933
7,14,400,5.991465
8,14,100,4.60517
8,14,100,4.60517
8,14,100,4.60517
8,14,200,5.298317
8,14,100,4.60517
8,14,250,5.521461
8,14,300,5.703783
8,14,250,5.521461
8,14,150,5.010635
8,14,150,5.010635
8,14,150,5.010635
8,14,200,5.298317
8,14,350,5.857933
8,14,300,5.703783
8,14,350,5.857933
9,14,50,3.912023
9,14,50,3.912023
9,14,200,5.298317
9,14,156.25,5.051457
9,14,175,5.164786
9,14,175,5.164786
9,14,100,4.60517
9,14,100,4.60517
9,14,100,4.60517
9,14,200,5.298317
9,14,100,4.60517
9,14,50,3.912023
9,14,200,5.298317
9,14,300,5.703783
9,14,300,5.703783
9,14,150,5.010635
9,14,350,5.857933
9,14,200,5.298317
9,14,200,5.298317
9,14,150,5.010635
9,14,200,5.298317
9,14,225,5.416101
9,14,300,5.703783
9,14,250,5.521461
9,14,350,5.857933
9,14,400,5.991465
9,14,300,5.703783
10,14,150,5.010635
10,14,150,5.010635
10,14,100,4.60517
10,14,150,5.010635
10,14,250,5.521461
10,14,200,5.298317
10,14,150,5.010635
10,14,200,5.298317
10,14,300,5.703783
10,14,200,5.298317
10,14,250,5.521461
10,14,250,5.521461
10,14,350,5.857933
10,14,250,5.521461
10,14,250,5.521461
10,14,350,5.857933
10,14,150,5.010635
10,14,200,5.298317
10,14,250,5.521461
10,14,200,5.298317
10,14,150,5.010635
10,14,300,5.703783
10,14,300,5.703783
10,14,400,5.991465
10,14,300,5.703783
10,14,200,5.298317
10,14,300,5.703783
10,14,150,5.010635
10,14,250,5.521461
10,14,150,5.010635
10,14,200,5.298317
10,14,250,5.521461
10,14,350,5.857933
10,14,300,5.703783
10,14,400,5.991465
10,14,250,5.521461
11,14,200,5.298317
11,14,350,5.857933
11,14,100,4.60517
11,14,350,5.857933
11,14,156.25,5.051457
11,14,356.25,5.875633
11,14,225,5.416101
11,14,400,5.991465
11,14,150,5.010635
11,14,50,3.912023
11,14,100,4.60517
11,14,100,4.60517
11,14,250,5.521461
11,14,150,5.010635
11,14,200,5.298317
11,14,250,5.521461
11,14,150,5.010635
11,14,300,5.703783
11,14,300,5.703783
11,14,400,5.991465
11,14,250,5.521461
11,14,356.25,5.875633
12,14,50,3.912023
12,14,150,5.010635
12,14,150,5.010635
12,14,50,3.912023
12,14,6.25,1.832582
12,14,106.25,4.665795
12,14,156.25,5.051457
12,14,150,5.010635
12,14,200,5.298317
12,14,200,5.298317
12,14,250,5.521461
12,14,200,5.298317
12,14,150,5.010635
12,14,50,3.912023
12,14,150,5.010635
12,14,150,5.010635
12,14,300,5.703783
12,14,150,5.010635
12,14,200,5.298317
12,14,100,4.60517
12,14,250,5.521461
12,14,300,5.703783
12,14,150,5.010635
12,14,350,5.857933
12,14,300,5.703783
12,14,150,5.010635
12,14,200,5.298317
12,14,150,5.010635
12,14,300,5.703783
12,14,250,5.521461
12,14,200,5.298317
12,14,400,5.991465
13,14,100,4.60517
13,14,100,4.60517
13,14,6.25,1.832582
13,14,100,4.60517
13,14,25,3.218876
13,14,25,3.218876
13,14,50,3.912023
13,14,256.25,5.546154
13,14,56.25,4.029806
13,14,6.25,1.832582
13,14,25,3.218876
13,14,25,3.218876
13,14,150,5.010635
13,14,50,3.912023
13,14,100,4.60517
13,14,250,5.521461
13,14,250,5.521461
13,14,100,4.60517
13,14,150,5.010635
13,14,250,5.521461
13,14,206.25,5.329089
13,14,200,5.298317
13,14,250,5.521461
14,14,100,4.60517
14,14,50,3.912023
14,14,250,5.521461
14,14,100,4.60517
14,14,150,5.010635
14,14,50,3.912023
14,14,100,4.60517
14,14,200,5.298317
14,14,75,4.317488
14,14,250,5.521461
14,14,250,5.521461
14,14,250,5.521461
14,14,150,5.010635
14,14,250,5.521461
14,14,300,5.703783
14,14,100,4.60517
14,14,100,4.60517
14,14,200,5.298317
14,14,150,5.010635
14,14,200,5.298317
14,14,100,4.60517
14,14,300,5.703783
14,14,200,5.298317
14,14,200,5.298317
14,14,250,5.521461
14,14,175,5.164786
14,14,150,5.010635
14,14,400,5.991465
14,14,300,5.703783
14,14,400,5.991465
14,14,300,5.703783
14,14,200,5.298317
14,14,300,5.703783
14,14,250,5.521461
14,14,400,5.991465
15,14,6.25,1.832582
15,14,6.25,1.832582
15,14,6.25,1.832582
15,14,250,5.521461
15,14,200,5.298317
15,14,100,4.60517
15,14,6.25,1.832582
15,14,250,5.521461
15,14,100,4.60517
15,14,12.5,2.525729
15,14,106.25,4.665795
15,14,12.5,2.525729
15,14,31.25,3.442019
15,14,75,4.317488
15,14,275,5.616771
15,14,150,5.010635
15,14,75,4.317488
15,14,50,3.912023
15,14,150,5.010635
15,14,100,4.60517
15,14,150,5.010635
15,14,100,4.60517
15,14,450,6.109248
15,14,100,4.60517
15,14,300,5.703783
15,14,150,5.010635
15,14,150,5.010635
15,14,350,5.857933
15,14,200,5.298317
15,14,150,5.010635
15,14,200,5.298317
15,14,225,5.416101
15,14,200,5.298317
15,14,400,5.991465
15,14,350,5.857933
15,14,250,5.521461
15,14,550,6.309918
15,14,350,5.857933
15,14,506.25,6.227031
16,14,150,5.010635
16,14,200,5.298317
16,14,150,5.010635
16,14,200,5.298317
16,14,6.25,1.832582
16,14,200,5.298317
16,14,206.25,5.329089
16,14,31.25,3.442019
16,14,6.25,1.832582
16,14,6.25,1.832582
16,14,12.5,2.525729
16,14,6.25,1.832582
16,14,106.25,4.665795
16,14,31.25,3.442019
16,14,31.25,3.442019
16,14,56.25,4.029806
16,14,50,3.912023
16,14,50,3.912023
16,14,100,4.60517
16,14,300,5.703783
16,14,150,5.010635
16,14,150,5.010635
16,14,250,5.521461
16,14,200,5.298317
16,14,400,5.991465
16,14,300,5.703783
16,14,225,5.416101
16,14,206.25,5.329089
16,14,200,5.298317
16,14,850,6.745236
16,14,506.25,6.227031
17,14,50,3.912023
17,14,200,5.298317
17,14,50,3.912023
17,14,6.25,1.832582
17,14,150,5.010635
17,14,256.25,5.546154
17,14,6.25,1.832582
17,14,56.25,4.029806
17,14,175,5.164786
17,14,75,4.317488
17,14,150,5.010635
17,14,400,5.991465
17,14,250,5.521461
17,14,300,5.703783
17,14,200,5.298317
17,14,100,4.60517
17,14,350,5.857933
17,14,250,5.521461
17,14,125,4.828314
17,14,100,4.60517
17,14,100,4.60517
17,14,200,5.298317
17,14,350,5.857933
17,14,200,5.298317
17,14,300,5.703783
17,14,200,5.298317
17,14,250,5.521461
17,14,250,5.521461
17,14,450,6.109248
17,14,500,6.214608
17,14,600,6.39693
17,14,350,5.857933
17,14,356.25,5.875633
17,14,350,5.857933
18,14,350,5.857933
18,14,25,3.218876
18,14,25,3.218876
18,14,175,5.164786
18,14,75,4.317488
18,14,25,3.218876
18,14,75,4.317488
18,14,150,5.010635
18,14,150,5.010635
18,14,50,3.912023
18,14,50,3.912023
18,14,200,5.298317
18,14,150,5.010635
18,14,250,5.521461
18,14,150,5.010635
18,14,150,5.010635
18,14,125,4.828314
18,14,175,5.164786
18,14,300,5.703783
18,14,300,5.703783
18,14,150,5.010635
18,14,350,5.857933
18,14,300,5.703783
18,14,200,5.298317
18,14,250,5.521461
18,14,300,5.703783
18,14,350,5.857933
18,14,300,5.703783
18,14,400,5.991465
18,14,500,6.214608
19,14,100,4.60517
19,14,250,5.521461
19,14,50,3.912023
19,14,25,3.218876
19,14,50,3.912023
19,14,150,5.010635
19,14,100,4.60517
19,14,50,3.912023
19,14,6.25,1.832582
19,14,25,3.218876
19,14,75,4.317488
19,14,50,3.912023
19,14,75,4.317488
19,14,300,5.703783
19,14,400,5.991465
19,14,300,5.703783
19,14,100,4.60517
19,14,100,4.60517
19,14,150,5.010635
19,14,100,4.60517
19,14,100,4.60517
19,14,150,5.010635
19,14,150,5.010635
19,14,250,5.521461
19,14,200,5.298317
19,14,250,5.521461
19,14,450,6.109248
19,14,250,5.521461
19,14,300,5.703783
19,14,600,6.39693
20,14,100,4.60517
20,14,100,4.60517
20,14,100,4.60517
20,14,200,5.298317
20,14,50,3.912023
20,14,125,4.828314
20,14,75,4.317488
20,14,125,4.828314
20,14,100,4.60517
20,14,100,4.60517
20,14,50,3.912023
20,14,75,4.317488
20,14,50,3.912023
20,14,150,5.010635
20,14,150,5.010635
20,14,150,5.010635
20,14,150,5.010635
20,14,150,5.010635
20,14,125,4.828314
20,14,450,6.109248
20,14,300,5.703783
20,14,200,5.298317
20,14,400,5.991465
20,14,350,5.857933
20,14,250,5.521461
20,14,250,5.521461
20,14,250,5.521461
20,14,375,5.926926
20,14,350,5.857933
21,14,25,3.218876
21,14,50,3.912023
21,14,6.25,1.832582
21,14,25,3.218876
21,14,100,4.60517
21,14,50,3.912023
21,14,50,3.912023
21,14,6.25,1.832582
21,14,6.25,1.832582
21,14,31.25,3.442019
21,14,106.25,4.665795
21,14,6.25,1.832582
21,14,25,3.218876
21,14,31.25,3.442019
21,14,31.25,3.442019
21,14,200,5.298317
21,14,250,5.521461
21,14,150,5.010635
21,14,56.25,4.029806
21,14,106.25,4.665795
21,14,150,5.010635
21,14,150,5.010635
21,14,150,5.010635
21,14,156.25,5.051457
21,14,156.25,5.051457
21,14,400,5.991465
21,14,250,5.521461
21,14,350,5.857933
21,14,500,6.214608
21,14,250,5.521461
21,14,250,5.521461
21,14,500,6.214608
21,14,1325,7.189168
0,15,6.25,1.832582
0,15,25,3.218876
0,15,50,3.912023
0,15,25,3.218876
0,15,25,3.218876
0,15,50,3.912023
0,15,100,4.60517
0,15,50,3.912023
0,15,25,3.218876
0,15,25,3.218876
0,15,50,3.912023
0,15,50,3.912023
0,15,31.25,3.442019
0,15,31.25,3.442019
0,15,31.25,3.442019
0,15,31.25,3.442019
0,15,6.25,1.832582
0,15,31.25,3.442019
0,15,6.25,1.832582
0,15,12.5,2.525729
0,15,6.25,1.832582
0,15,31.25,3.442019
0,15,12.5,2.525729
0,15,56.25,4.029806
0,15,31.25,3.442019
0,15,12.5,2.525729
0,15,6.25,1.832582
0,15,56.25,4.029806
0,15,31.25,3.442019
0,15,12.5,2.525729
0,15,56.25,4.029806
0,15,50,3.912023
0,15,31.25,3.442019
0,15,50,3.912023
0,15,75,4.317488
0,15,25,3.218876
0,15,50,3.912023
0,15,50,3.912023
0,15,75,4.317488
0,15,31.25,3.442019
0,15,50,3.912023
0,15,50,3.912023
0,15,31.25,3.442019
0,15,50,3.912023
0,15,50,3.912023
0,15,50,3.912023
0,15,50,3.912023
0,15,50,3.912023
0,15,31.25,3.442019
0,15,50,3.912023
0,15,75,4.317488
0,15,31.25,3.442019
0,15,25,3.218876
0,15,75,4.317488
0,15,50,3.912023
0,15,50,3.912023
0,15,75,4.317488
0,15,50,3.912023
0,15,75,4.317488
0,15,50,3.912023
0,15,125,4.828314
0,15,100,4.60517
0,15,50,3.912023
0,15,50,3.912023
0,15,100,4.60517
0,15,100,4.60517
0,15,100,4.60517
0,15,50,3.912023
0,15,100,4.60517
0,15,56.25,4.029806
0,15,100,4.60517
0,15,50,3.912023
0,15,50,3.912023
0,15,56.25,4.029806
0,15,100,4.60517
0,15,56.25,4.029806
0,15,50,3.912023
0,15,56.25,4.029806
0,15,100,4.60517
0,15,50,3.912023
0,15,50,3.912023
0,15,125,4.828314
0,15,106.25,4.665795
0,15,175,5.164786
1,15,50,3.912023
1,15,25,3.218876
1,15,25,3.218876
1,15,50,3.912023
1,15,50,3.912023
1,15,50,3.912023
1,15,25,3.218876
1,15,25,3.218876
1,15,6.25,1.832582
1,15,56.25,4.029806
1,15,6.25,1.832582
1,15,12.5,2.525729
1,15,31.25,3.442019
1,15,12.5,2.525729
1,15,12.5,2.525729
1,15,56.25,4.029806
1,15,12.5,2.525729
1,15,56.25,4.029806
1,15,31.25,3.442019
1,15,6.25,1.832582
1,15,12.5,2.525729
1,15,31.25,3.442019
1,15,56.25,4.029806
1,15,56.25,4.029806
1,15,12.5,2.525729
1,15,56.25,4.029806
1,15,106.25,4.665795
1,15,56.25,4.029806
1,15,56.25,4.029806
1,15,106.25,4.665795
1,15,12.5,2.525729
1,15,31.25,3.442019
1,15,125,4.828314
1,15,50,3.912023
1,15,25,3.218876
1,15,50,3.912023
1,15,75,4.317488
1,15,50,3.912023
1,15,25,3.218876
1,15,75,4.317488
1,15,31.25,3.442019
1,15,31.25,3.442019
1,15,25,3.218876
1,15,25,3.218876
1,15,50,3.912023
1,15,31.25,3.442019
1,15,125,4.828314
1,15,50,3.912023
1,15,25,3.218876
1,15,25,3.218876
1,15,50,3.912023
1,15,31.25,3.442019
1,15,31.25,3.442019
1,15,31.25,3.442019
1,15,50,3.912023
1,15,50,3.912023
1,15,75,4.317488
1,15,75,4.317488
1,15,31.25,3.442019
1,15,50,3.912023
1,15,31.25,3.442019
1,15,75,4.317488
1,15,50,3.912023
1,15,25,3.218876
1,15,100,4.60517
1,15,100,4.60517
1,15,75,4.317488
1,15,75,4.317488
1,15,100,4.60517
1,15,75,4.317488
1,15,75,4.317488
1,15,75,4.317488
1,15,50,3.912023
1,15,56.25,4.029806
1,15,50,3.912023
1,15,75,4.317488
1,15,56.25,4.029806
1,15,75,4.317488
1,15,56.25,4.029806
1,15,150,5.010635
1,15,75,4.317488
1,15,56.25,4.029806
1,15,75,4.317488
1,15,100,4.60517
1,15,100,4.60517
1,15,50,3.912023
1,15,100,4.60517
1,15,56.25,4.029806
1,15,56.25,4.029806
1,15,56.25,4.029806
1,15,75,4.317488
1,15,150,5.010635
1,15,150,5.010635
1,15,150,5.010635
1,15,150,5.010635
2,15,50,3.912023
2,15,50,3.912023
2,15,100,4.60517
2,15,25,3.218876
2,15,6.25,1.832582
2,15,50,3.912023
2,15,6.25,1.832582
2,15,31.25,3.442019
2,15,12.5,2.525729
2,15,56.25,4.029806
2,15,31.25,3.442019
2,15,106.25,4.665795
2,15,31.25,3.442019
2,15,6.25,1.832582
2,15,6.25,1.832582
2,15,56.25,4.029806
2,15,56.25,4.029806
2,15,56.25,4.029806
2,15,6.25,1.832582
2,15,31.25,3.442019
2,15,6.25,1.832582
2,15,56.25,4.029806
2,15,25,3.218876
2,15,75,4.317488
2,15,31.25,3.442019
2,15,25,3.218876
2,15,31.25,3.442019
2,15,50,3.912023
2,15,25,3.218876
2,15,50,3.912023
2,15,75,4.317488
2,15,31.25,3.442019
2,15,31.25,3.442019
2,15,50,3.912023
2,15,25,3.218876
2,15,31.25,3.442019
2,15,75,4.317488
2,15,31.25,3.442019
2,15,50,3.912023
2,15,50,3.912023
2,15,75,4.317488
2,15,56.25,4.029806
2,15,56.25,4.029806
2,15,100,4.60517
2,15,56.25,4.029806
2,15,75,4.317488
2,15,56.25,4.029806
2,15,50,3.912023
2,15,56.25,4.029806
2,15,50,3.912023
2,15,100,4.60517
2,15,75,4.317488
2,15,75,4.317488
2,15,75,4.317488
2,15,56.25,4.029806
2,15,106.25,4.665795
3,15,100,4.60517
3,15,6.25,1.832582
3,15,50,3.912023
3,15,12.5,2.525729
3,15,106.25,4.665795
3,15,106.25,4.665795
3,15,12.5,2.525729
3,15,6.25,1.832582
3,15,106.25,4.665795
3,15,31.25,3.442019
3,15,31.25,3.442019
3,15,125,4.828314
3,15,50,3.912023
3,15,31.25,3.442019
3,15,100,4.60517
3,15,50,3.912023
3,15,100,4.60517
3,15,56.25,4.029806
3,15,200,5.298317
3,15,150,5.010635
3,15,106.25,4.665795
3,15,125,4.828314
3,15,150,5.010635
3,15,200,5.298317
3,15,300,5.703783
3,15,175,5.164786
4,15,50,3.912023
4,15,100,4.60517
4,15,150,5.010635
4,15,100,4.60517
5,15,50,3.912023
5,15,50,3.912023
5,15,100,4.60517
5,15,206.25,5.329089
5,15,50,3.912023
5,15,50,3.912023
5,15,100,4.60517
5,15,100,4.60517
5,15,300,5.703783
5,15,400,5.991465
6,15,175,5.164786
6,15,200,5.298317
6,15,200,5.298317
6,15,175,5.164786
6,15,175,5.164786
6,15,300,5.703783
7,15,50,3.912023
7,15,150,5.010635
7,15,150,5.010635
8,15,300,5.703783
8,15,350,5.857933
9,15,500,6.214608
10,15,300,5.703783
10,15,400,5.991465
11,15,100,4.60517
11,15,550,6.309918
11,15,200,5.298317
11,15,650,6.476973
11,15,650,6.476973
12,15,350,5.857933
12,15,350,5.857933
12,15,550,6.309918
12,15,500,6.214608
13,15,300,5.703783
13,15,300,5.703783
13,15,500,6.214608
13,15,500,6.214608
14,15,500,6.214608
15,15,250,5.521461
15,15,50,3.912023
15,15,100,4.60517
15,15,300,5.703783
15,15,300,5.703783
16,15,600,6.39693
16,15,600,6.39693
17,15,400,5.991465
18,15,400,5.991465
18,15,500,6.214608
18,15,400,5.991465
18,15,400,5.991465
19,15,200,5.298317
19,15,100,4.60517
19,15,200,5.298317
20,15,156.25,5.051457
20,15,200,5.298317
20,15,200,5.298317
1,16,150,5.010635
1,16,150,5.010635
1,16,156.25,5.051457
1,16,200,5.298317
1,16,250,5.521461
1,16,100,4.60517
1,16,250,5.521461
1,16,200,5.298317
1,16,250,5.521461
1,16,300,5.703783
1,16,250,5.521461
1,16,250,5.521461
1,16,150,5.010635
2,16,100,4.60517
2,16,150,5.010635
2,16,50,3.912023
2,16,100,4.60517
2,16,156.25,5.051457
2,16,156.25,5.051457
2,16,56.25,4.029806
2,16,175,5.164786
2,16,150,5.010635
2,16,150,5.010635
2,16,250,5.521461
2,16,75,4.317488
2,16,200,5.298317
2,16,300,5.703783
2,16,300,5.703783
2,16,200,5.298317
2,16,150,5.010635
2,16,250,5.521461
2,16,250,5.521461
2,16,150,5.010635
2,16,150,5.010635
2,16,200,5.298317
2,16,150,5.010635
2,16,300,5.703783
2,16,200,5.298317
2,16,200,5.298317
2,16,250,5.521461
2,16,300,5.703783
2,16,200,5.298317
2,16,250,5.521461
2,16,250,5.521461
2,16,250,5.521461
2,16,150,5.010635
2,16,250,5.521461
2,16,300,5.703783
2,16,200,5.298317
2,16,250,5.521461
2,16,200,5.298317
2,16,250,5.521461
2,16,300,5.703783
2,16,250,5.521461
2,16,200,5.298317
2,16,250,5.521461
2,16,300,5.703783
2,16,156.25,5.051457
2,16,300,5.703783
2,16,250,5.521461
2,16,300,5.703783
2,16,300,5.703783
2,16,200,5.298317
2,16,300,5.703783
2,16,300,5.703783
2,16,350,5.857933
2,16,350,5.857933
2,16,300,5.703783
2,16,300,5.703783
2,16,250,5.521461
2,16,250,5.521461
2,16,250,5.521461
2,16,300,5.703783
2,16,200,5.298317
2,16,250,5.521461
2,16,350,5.857933
2,16,250,5.521461
2,16,250,5.521461
2,16,350,5.857933
3,16,50,3.912023
3,16,106.25,4.665795
3,16,31.25,3.442019
3,16,100,4.60517
3,16,150,5.010635
3,16,200,5.298317
3,16,150,5.010635
3,16,300,5.703783
3,16,250,5.521461
3,16,200,5.298317
3,16,200,5.298317
3,16,150,5.010635
3,16,250,5.521461
3,16,200,5.298317
3,16,200,5.298317
3,16,106.25,4.665795
3,16,100,4.60517
3,16,200,5.298317
3,16,250,5.521461
3,16,200,5.298317
3,16,250,5.521461
3,16,100,4.60517
3,16,250,5.521461
3,16,200,5.298317
3,16,300,5.703783
3,16,300,5.703783
3,16,300,5.703783
3,16,300,5.703783
3,16,250,5.521461
3,16,250,5.521461
3,16,300,5.703783
3,16,300,5.703783
3,16,150,5.010635
3,16,300,5.703783
3,16,250,5.521461
3,16,300,5.703783
3,16,250,5.521461
3,16,300,5.703783
3,16,300,5.703783
3,16,300,5.703783
3,16,300,5.703783
3,16,300,5.703783
3,16,300,5.703783
3,16,200,5.298317
3,16,300,5.703783
3,16,250,5.521461
3,16,350,5.857933
3,16,400,5.991465
3,16,400,5.991465
3,16,256.25,5.546154
3,16,500,6.214608
3,16,400,5.991465
4,16,150,5.010635
4,16,100,4.60517
4,16,125,4.828314
4,16,175,5.164786
4,16,75,4.317488
4,16,250,5.521461
4,16,200,5.298317
4,16,200,5.298317
4,16,100,4.60517
4,16,250,5.521461
4,16,75,4.317488
4,16,100,4.60517
4,16,200,5.298317
4,16,250,5.521461
4,16,125,4.828314
4,16,250,5.521461
4,16,200,5.298317
4,16,250,5.521461
4,16,300,5.703783
4,16,250,5.521461
4,16,300,5.703783
4,16,250,5.521461
4,16,300,5.703783
4,16,150,5.010635
4,16,250,5.521461
4,16,250,5.521461
4,16,300,5.703783
4,16,150,5.010635
4,16,125,4.828314
4,16,300,5.703783
4,16,250,5.521461
4,16,175,5.164786
4,16,350,5.857933
4,16,300,5.703783
4,16,300,5.703783
4,16,250,5.521461
4,16,300,5.703783
4,16,250,5.521461
4,16,300,5.703783
4,16,300,5.703783
4,16,200,5.298317
4,16,150,5.010635
4,16,200,5.298317
4,16,250,5.521461
4,16,250,5.521461
4,16,300,5.703783
4,16,250,5.521461
4,16,300,5.703783
4,16,300,5.703783
4,16,400,5.991465
4,16,250,5.521461
4,16,300,5.703783
4,16,350,5.857933
4,16,350,5.857933
4,16,350,5.857933
4,16,400,5.991465
4,16,350,5.857933
4,16,300,5.703783
4,16,400,5.991465
5,16,100,4.60517
5,16,225,5.416101
5,16,150,5.010635
5,16,100,4.60517
5,16,250,5.521461
5,16,100,4.60517
5,16,200,5.298317
5,16,300,5.703783
5,16,150,5.010635
5,16,350,5.857933
5,16,200,5.298317
5,16,300,5.703783
5,16,200,5.298317
5,16,250,5.521461
5,16,300,5.703783
5,16,250,5.521461
5,16,200,5.298317
5,16,250,5.521461
5,16,150,5.010635
5,16,300,5.703783
5,16,200,5.298317
5,16,250,5.521461
5,16,250,5.521461
5,16,200,5.298317
5,16,350,5.857933
5,16,300,5.703783
5,16,350,5.857933
5,16,200,5.298317
5,16,250,5.521461
5,16,250,5.521461
5,16,250,5.521461
5,16,350,5.857933
5,16,350,5.857933
5,16,250,5.521461
5,16,300,5.703783
5,16,250,5.521461
5,16,250,5.521461
5,16,250,5.521461
5,16,250,5.521461
5,16,250,5.521461
5,16,300,5.703783
5,16,300,5.703783
5,16,300,5.703783
5,16,450,6.109248
5,16,350,5.857933
5,16,300,5.703783
5,16,250,5.521461
5,16,250,5.521461
5,16,450,6.109248
5,16,350,5.857933
5,16,300,5.703783
6,16,250,5.521461
6,16,50,3.912023
6,16,50,3.912023
6,16,256.25,5.546154
6,16,156.25,5.051457
6,16,150,5.010635
6,16,150,5.010635
6,16,150,5.010635
6,16,200,5.298317
6,16,250,5.521461
6,16,250,5.521461
6,16,250,5.521461
6,16,350,5.857933
6,16,250,5.521461
6,16,300,5.703783
6,16,250,5.521461
6,16,200,5.298317
6,16,200,5.298317
6,16,300,5.703783
6,16,300,5.703783
6,16,300,5.703783
6,16,300,5.703783
6,16,250,5.521461
6,16,250,5.521461
6,16,300,5.703783
6,16,300,5.703783
6,16,400,5.991465
6,16,250,5.521461
6,16,350,5.857933
6,16,250,5.521461
6,16,156.25,5.051457
6,16,400,5.991465
6,16,400,5.991465
6,16,300,5.703783
6,16,350,5.857933
6,16,300,5.703783
6,16,300,5.703783
6,16,950,6.856462
6,16,250,5.521461
6,16,400,5.991465
6,16,400,5.991465
6,16,400,5.991465
6,16,250,5.521461
6,16,350,5.857933
6,16,400,5.991465
6,16,400,5.991465
6,16,400,5.991465
6,16,450,6.109248
6,16,450,6.109248
6,16,450,6.109248
6,16,350,5.857933
6,16,300,5.703783
6,16,400,5.991465
6,16,450,6.109248
6,16,350,5.857933
6,16,450,6.109248
6,16,500,6.214608
6,16,350,5.857933
6,16,350,5.857933
6,16,450,6.109248
6,16,400,5.991465
6,16,600,6.39693
6,16,1000,6.907755
7,16,500,6.214608
7,16,250,5.521461
7,16,500,6.214608
7,16,150,5.010635
7,16,250,5.521461
7,16,50,3.912023
7,16,200,5.298317
7,16,200,5.298317
7,16,156.25,5.051457
7,16,50,3.912023
7,16,200,5.298317
7,16,200,5.298317
7,16,200,5.298317
7,16,250,5.521461
7,16,350,5.857933
7,16,100,4.60517
7,16,150,5.010635
7,16,100,4.60517
7,16,300,5.703783
7,16,450,6.109248
7,16,300,5.703783
7,16,150,5.010635
7,16,350,5.857933
7,16,250,5.521461
7,16,150,5.010635
7,16,300,5.703783
7,16,156.25,5.051457
7,16,300,5.703783
7,16,250,5.521461
7,16,350,5.857933
7,16,400,5.991465
7,16,400,5.991465
7,16,300,5.703783
7,16,250,5.521461
7,16,300,5.703783
7,16,300,5.703783
7,16,350,5.857933
7,16,400,5.991465
7,16,350,5.857933
7,16,350,5.857933
7,16,350,5.857933
7,16,300,5.703783
7,16,350,5.857933
7,16,400,5.991465
7,16,200,5.298317
7,16,350,5.857933
7,16,700,6.55108
7,16,250,5.521461
7,16,700,6.55108
7,16,350,5.857933
7,16,450,6.109248
7,16,250,5.521461
7,16,200,5.298317
7,16,400,5.991465
7,16,206.25,5.329089
7,16,400,5.991465
7,16,450,6.109248
7,16,400,5.991465
7,16,400,5.991465
7,16,450,6.109248
7,16,500,6.214608
7,16,450,6.109248
7,16,350,5.857933
7,16,450,6.109248
7,16,450,6.109248
7,16,250,5.521461
7,16,400,5.991465
7,16,500,6.214608
7,16,500,6.214608
7,16,400,5.991465
7,16,450,6.109248
7,16,600,6.39693
7,16,750,6.620073
7,16,550,6.309918
7,16,650,6.476973
8,16,150,5.010635
8,16,150,5.010635
8,16,200,5.298317
8,16,256.25,5.546154
8,16,225,5.416101
8,16,50,3.912023
8,16,250,5.521461
8,16,100,4.60517
8,16,200,5.298317
8,16,150,5.010635
8,16,300,5.703783
8,16,250,5.521461
8,16,250,5.521461
8,16,250,5.521461
8,16,350,5.857933
8,16,100,4.60517
8,16,300,5.703783
8,16,250,5.521461
8,16,300,5.703783
8,16,250,5.521461
8,16,250,5.521461
8,16,250,5.521461
8,16,400,5.991465
8,16,300,5.703783
8,16,300,5.703783
8,16,300,5.703783
8,16,250,5.521461
8,16,400,5.991465
8,16,300,5.703783
8,16,300,5.703783
8,16,300,5.703783
8,16,300,5.703783
8,16,350,5.857933
8,16,300,5.703783
8,16,350,5.857933
8,16,300,5.703783
8,16,300,5.703783
8,16,400,5.991465
8,16,300,5.703783
8,16,300,5.703783
8,16,300,5.703783
8,16,500,6.214608
8,16,300,5.703783
8,16,350,5.857933
8,16,350,5.857933
8,16,400,5.991465
8,16,350,5.857933
8,16,350,5.857933
8,16,400,5.991465
8,16,700,6.55108
8,16,350,5.857933
8,16,400,5.991465
8,16,350,5.857933
8,16,450,6.109248
8,16,350,5.857933
8,16,250,5.521461
8,16,300,5.703783
8,16,400,5.991465
8,16,300,5.703783
8,16,300,5.703783
8,16,550,6.309918
8,16,300,5.703783
8,16,350,5.857933
8,16,400,5.991465
8,16,400,5.991465
8,16,300,5.703783
8,16,400,5.991465
8,16,450,6.109248
8,16,400,5.991465
8,16,500,6.214608
8,16,750,6.620073
8,16,300,5.703783
8,16,450,6.109248
8,16,500,6.214608
8,16,350,5.857933
8,16,350,5.857933
8,16,550,6.309918
8,16,700,6.55108
8,16,600,6.39693
9,16,100,4.60517
9,16,150,5.010635
9,16,250,5.521461
9,16,250,5.521461
9,16,200,5.298317
9,16,200,5.298317
9,16,100,4.60517
9,16,150,5.010635
9,16,506.25,6.227031
9,16,125,4.828314
9,16,250,5.521461
9,16,50,3.912023
9,16,300,5.703783
9,16,300,5.703783
9,16,200,5.298317
9,16,250,5.521461
9,16,300,5.703783
9,16,250,5.521461
9,16,100,4.60517
9,16,100,4.60517
9,16,100,4.60517
9,16,150,5.010635
9,16,400,5.991465
9,16,300,5.703783
9,16,200,5.298317
9,16,350,5.857933
9,16,250,5.521461
9,16,350,5.857933
9,16,300,5.703783
9,16,350,5.857933
9,16,350,5.857933
9,16,250,5.521461
9,16,350,5.857933
9,16,350,5.857933
9,16,300,5.703783
9,16,300,5.703783
9,16,400,5.991465
9,16,150,5.010635
9,16,300,5.703783
9,16,300,5.703783
9,16,300,5.703783
9,16,300,5.703783
9,16,300,5.703783
9,16,400,5.991465
9,16,250,5.521461
9,16,400,5.991465
9,16,350,5.857933
9,16,350,5.857933
9,16,300,5.703783
9,16,350,5.857933
9,16,350,5.857933
9,16,450,6.109248
9,16,200,5.298317
9,16,350,5.857933
9,16,250,5.521461
9,16,200,5.298317
9,16,350,5.857933
9,16,300,5.703783
9,16,450,6.109248
9,16,450,6.109248
9,16,400,5.991465
9,16,250,5.521461
9,16,700,6.55108
9,16,250,5.521461
9,16,350,5.857933
9,16,450,6.109248
9,16,250,5.521461
9,16,500,6.214608
9,16,350,5.857933
9,16,500,6.214608
9,16,250,5.521461
9,16,400,5.991465
9,16,450,6.109248
9,16,450,6.109248
9,16,500,6.214608
9,16,400,5.991465
9,16,500,6.214608
9,16,650,6.476973
10,16,350,5.857933
10,16,25,3.218876
10,16,6.25,1.832582
10,16,6.25,1.832582
10,16,100,4.60517
10,16,100,4.60517
10,16,200,5.298317
10,16,256.25,5.546154
10,16,206.25,5.329089
10,16,25,3.218876
10,16,375,5.926926
10,16,375,5.926926
10,16,300,5.703783
10,16,200,5.298317
10,16,300,5.703783
10,16,250,5.521461
10,16,300,5.703783
10,16,150,5.010635
10,16,100,4.60517
10,16,300,5.703783
10,16,100,4.60517
10,16,300,5.703783
10,16,200,5.298317
10,16,350,5.857933
10,16,150,5.010635
10,16,350,5.857933
10,16,200,5.298317
10,16,400,5.991465
10,16,150,5.010635
10,16,300,5.703783
10,16,550,6.309918
10,16,450,6.109248
10,16,350,5.857933
10,16,250,5.521461
10,16,300,5.703783
10,16,225,5.416101
10,16,350,5.857933
10,16,400,5.991465
10,16,400,5.991465
10,16,550,6.309918
10,16,200,5.298317
10,16,400,5.991465
10,16,200,5.298317
10,16,400,5.991465
10,16,450,6.109248
10,16,400,5.991465
10,16,350,5.857933
10,16,250,5.521461
10,16,500,6.214608
10,16,300,5.703783
10,16,250,5.521461
10,16,350,5.857933
10,16,250,5.521461
10,16,400,5.991465
10,16,450,6.109248
10,16,450,6.109248
10,16,600,6.39693
10,16,600,6.39693
10,16,450,6.109248
10,16,450,6.109248
10,16,600,6.39693
10,16,450,6.109248
10,16,350,5.857933
11,16,200,5.298317
11,16,350,5.857933
11,16,200,5.298317
11,16,200,5.298317
11,16,350,5.857933
11,16,356.25,5.875633
11,16,206.25,5.329089
11,16,375,5.926926
11,16,275,5.616771
11,16,225,5.416101
11,16,56.25,4.029806
11,16,300,5.703783
11,16,350,5.857933
11,16,350,5.857933
11,16,200,5.298317
11,16,100,4.60517
11,16,106.25,4.665795
11,16,400,5.991465
11,16,300,5.703783
11,16,300,5.703783
11,16,350,5.857933
11,16,500,6.214608
11,16,250,5.521461
11,16,150,5.010635
11,16,400,5.991465
11,16,156.25,5.051457
11,16,500,6.214608
11,16,300,5.703783
11,16,400,5.991465
11,16,400,5.991465
11,16,1150,7.047517
11,16,250,5.521461
11,16,150,5.010635
11,16,250,5.521461
11,16,400,5.991465
11,16,350,5.857933
11,16,400,5.991465
11,16,450,6.109248
11,16,300,5.703783
11,16,550,6.309918
11,16,400,5.991465
11,16,400,5.991465
11,16,400,5.991465
11,16,200,5.298317
11,16,450,6.109248
11,16,225,5.416101
11,16,400,5.991465
11,16,350,5.857933
11,16,350,5.857933
11,16,550,6.309918
11,16,400,5.991465
11,16,400,5.991465
11,16,350,5.857933
11,16,450,6.109248
11,16,200,5.298317
11,16,450,6.109248
11,16,250,5.521461
11,16,400,5.991465
11,16,600,6.39693
11,16,500,6.214608
11,16,450,6.109248
11,16,400,5.991465
11,16,400,5.991465
11,16,350,5.857933
11,16,400,5.991465
11,16,275,5.616771
11,16,400,5.991465
11,16,450,6.109248
11,16,400,5.991465
11,16,500,6.214608
11,16,600,6.39693
11,16,500,6.214608
11,16,600,6.39693
11,16,550,6.309918
11,16,550,6.309918
11,16,375,5.926926
11,16,650,6.476973
11,16,1250,7.130899
12,16,150,5.010635
12,16,250,5.521461
12,16,200,5.298317
12,16,150,5.010635
12,16,250,5.521461
12,16,250,5.521461
12,16,200,5.298317
12,16,156.25,5.051457
12,16,225,5.416101
12,16,200,5.298317
12,16,300,5.703783
12,16,200,5.298317
12,16,300,5.703783
12,16,250,5.521461
12,16,300,5.703783
12,16,250,5.521461
12,16,150,5.010635
12,16,300,5.703783
12,16,500,6.214608
12,16,500,6.214608
12,16,350,5.857933
12,16,500,6.214608
12,16,300,5.703783
12,16,350,5.857933
12,16,150,5.010635
12,16,200,5.298317
12,16,350,5.857933
12,16,300,5.703783
12,16,400,5.991465
12,16,400,5.991465
12,16,400,5.991465
12,16,500,6.214608
12,16,400,5.991465
12,16,225,5.416101
12,16,400,5.991465
12,16,400,5.991465
12,16,200,5.298317
12,16,450,6.109248
12,16,300,5.703783
12,16,450,6.109248
12,16,450,6.109248
12,16,450,6.109248
12,16,300,5.703783
12,16,350,5.857933
12,16,250,5.521461
12,16,450,6.109248
12,16,400,5.991465
12,16,400,5.991465
12,16,400,5.991465
12,16,450,6.109248
12,16,350,5.857933
12,16,450,6.109248
12,16,500,6.214608
12,16,350,5.857933
12,16,250,5.521461
12,16,450,6.109248
12,16,400,5.991465
12,16,250,5.521461
12,16,350,5.857933
12,16,500,6.214608
12,16,250,5.521461
12,16,500,6.214608
12,16,400,5.991465
12,16,400,5.991465
12,16,500,6.214608
12,16,350,5.857933
12,16,450,6.109248
12,16,500,6.214608
12,16,500,6.214608
12,16,500,6.214608
12,16,400,5.991465
12,16,600,6.39693
12,16,600,6.39693
12,16,550,6.309918
12,16,700,6.55108
12,16,700,6.55108
13,16,150,5.010635
13,16,100,4.60517
13,16,350,5.857933
13,16,200,5.298317
13,16,150,5.010635
13,16,350,5.857933
13,16,156.25,5.051457
13,16,206.25,5.329089
13,16,156.25,5.051457
13,16,275,5.616771
13,16,400,5.991465
13,16,250,5.521461
13,16,300,5.703783
13,16,350,5.857933
13,16,300,5.703783
13,16,350,5.857933
13,16,350,5.857933
13,16,156.25,5.051457
13,16,400,5.991465
13,16,250,5.521461
13,16,350,5.857933
13,16,150,5.010635
13,16,300,5.703783
13,16,300,5.703783
13,16,150,5.010635
13,16,300,5.703783
13,16,350,5.857933
13,16,400,5.991465
13,16,500,6.214608
13,16,300,5.703783
13,16,450,6.109248
13,16,350,5.857933
13,16,400,5.991465
13,16,300,5.703783
13,16,400,5.991465
13,16,450,6.109248
13,16,350,5.857933
13,16,550,6.309918
13,16,350,5.857933
13,16,400,5.991465
13,16,450,6.109248
13,16,450,6.109248
13,16,350,5.857933
13,16,400,5.991465
13,16,500,6.214608
13,16,250,5.521461
13,16,450,6.109248
13,16,400,5.991465
13,16,400,5.991465
13,16,300,5.703783
13,16,300,5.703783
13,16,275,5.616771
13,16,500,6.214608
13,16,600,6.39693
13,16,250,5.521461
13,16,500,6.214608
13,16,500,6.214608
13,16,500,6.214608
13,16,450,6.109248
13,16,450,6.109248
13,16,600,6.39693
13,16,500,6.214608
13,16,600,6.39693
13,16,850,6.745236
13,16,500,6.214608
13,16,600,6.39693
13,16,700,6.55108
13,16,600,6.39693
13,16,700,6.55108
13,16,700,6.55108
13,16,550,6.309918
13,16,600,6.39693
13,16,700,6.55108
13,16,600,6.39693
13,16,600,6.39693
13,16,500,6.214608
13,16,700,6.55108
13,16,1375,7.226209
14,16,100,4.60517
14,16,150,5.010635
14,16,350,5.857933
14,16,150,5.010635
14,16,150,5.010635
14,16,100,4.60517
14,16,175,5.164786
14,16,150,5.010635
14,16,400,5.991465
14,16,300,5.703783
14,16,450,6.109248
14,16,350,5.857933
14,16,250,5.521461
14,16,350,5.857933
14,16,100,4.60517
14,16,300,5.703783
14,16,300,5.703783
14,16,1275,7.150702
14,16,400,5.991465
14,16,400,5.991465
14,16,350,5.857933
14,16,400,5.991465
14,16,200,5.298317
14,16,150,5.010635
14,16,300,5.703783
14,16,900,6.802395
14,16,350,5.857933
14,16,350,5.857933
14,16,450,6.109248
14,16,275,5.616771
14,16,350,5.857933
14,16,500,6.214608
14,16,300,5.703783
14,16,250,5.521461
14,16,400,5.991465
14,16,300,5.703783
14,16,500,6.214608
14,16,300,5.703783
14,16,500,6.214608
14,16,500,6.214608
14,16,350,5.857933
14,16,600,6.39693
14,16,600,6.39693
14,16,550,6.309918
14,16,600,6.39693
14,16,600,6.39693
14,16,600,6.39693
14,16,600,6.39693
14,16,600,6.39693
14,16,600,6.39693
14,16,1000,6.907755
14,16,1325,7.189168
15,16,250,5.521461
15,16,250,5.521461
15,16,525,6.263398
15,16,50,3.912023
15,16,400,5.991465
15,16,400,5.991465
15,16,400,5.991465
15,16,250,5.521461
15,16,150,5.010635
15,16,400,5.991465
15,16,400,5.991465
15,16,500,6.214608
15,16,300,5.703783
15,16,175,5.164786
15,16,400,5.991465
15,16,350,5.857933
15,16,350,5.857933
15,16,225,5.416101
15,16,700,6.55108
15,16,250,5.521461
15,16,450,6.109248
15,16,500,6.214608
15,16,500,6.214608
15,16,300,5.703783
15,16,350,5.857933
15,16,300,5.703783
15,16,600,6.39693
15,16,275,5.616771
15,16,500,6.214608
15,16,450,6.109248
15,16,750,6.620073
15,16,300,5.703783
15,16,750,6.620073
15,16,400,5.991465
15,16,275,5.616771
15,16,300,5.703783
15,16,250,5.521461
15,16,500,6.214608
15,16,850,6.745236
15,16,700,6.55108
15,16,600,6.39693
15,16,600,6.39693
15,16,700,6.55108
15,16,600,6.39693
15,16,600,6.39693
15,16,550,6.309918
15,16,400,5.991465
15,16,700,6.55108
15,16,750,6.620073
15,16,550,6.309918
15,16,750,6.620073
15,16,750,6.620073
16,16,200,5.298317
16,16,6.25,1.832582
16,16,250,5.521461
16,16,256.25,5.546154
16,16,356.25,5.875633
16,16,375,5.926926
16,16,400,5.991465
16,16,300,5.703783
16,16,450,6.109248
16,16,350,5.857933
16,16,350,5.857933
16,16,500,6.214608
16,16,500,6.214608
16,16,500,6.214608
16,16,350,5.857933
16,16,300,5.703783
16,16,450,6.109248
16,16,200,5.298317
16,16,450,6.109248
16,16,400,5.991465
16,16,450,6.109248
16,16,225,5.416101
16,16,450,6.109248
16,16,500,6.214608
16,16,300,5.703783
16,16,600,6.39693
16,16,600,6.39693
16,16,350,5.857933
16,16,600,6.39693
16,16,600,6.39693
16,16,500,6.214608
16,16,275,5.616771
16,16,600,6.39693
16,16,450,6.109248
16,16,600,6.39693
16,16,700,6.55108
16,16,550,6.309918
16,16,600,6.39693
16,16,700,6.55108
16,16,550,6.309918
16,16,550,6.309918
16,16,700,6.55108
16,16,700,6.55108
16,16,600,6.39693
16,16,500,6.214608
16,16,700,6.55108
16,16,600,6.39693
16,16,600,6.39693
16,16,700,6.55108
16,16,700,6.55108
16,16,500,6.214608
16,16,700,6.55108
16,16,700,6.55108
16,16,1000,6.907755
16,16,1350,7.20786
17,16,350,5.857933
17,16,200,5.298317
17,16,250,5.521461
17,16,6.25,1.832582
17,16,156.25,5.051457
17,16,506.25,6.227031
17,16,375,5.926926
17,16,25,3.218876
17,16,400,5.991465
17,16,250,5.521461
17,16,56.25,4.029806
17,16,400,5.991465
17,16,50,3.912023
17,16,350,5.857933
17,16,450,6.109248
17,16,350,5.857933
17,16,500,6.214608
17,16,200,5.298317
17,16,400,5.991465
17,16,200,5.298317
17,16,250,5.521461
17,16,300,5.703783
17,16,450,6.109248
17,16,550,6.309918
17,16,400,5.991465
17,16,550,6.309918
17,16,400,5.991465
17,16,550,6.309918
17,16,700,6.55108
17,16,400,5.991465
17,16,500,6.214608
17,16,600,6.39693
17,16,400,5.991465
17,16,600,6.39693
17,16,275,5.616771
17,16,350,5.857933
17,16,600,6.39693
17,16,500,6.214608
17,16,750,6.620073
17,16,600,6.39693
17,16,600,6.39693
17,16,275,5.616771
17,16,750,6.620073
17,16,500,6.214608
17,16,375,5.926926
17,16,700,6.55108
17,16,700,6.55108
17,16,700,6.55108
17,16,500,6.214608
17,16,700,6.55108
17,16,550,6.309918
17,16,700,6.55108
17,16,400,5.991465
17,16,700,6.55108
17,16,600,6.39693
17,16,700,6.55108
17,16,700,6.55108
17,16,1100,7.003066
17,16,500,6.214608
17,16,350,5.857933
17,16,350,5.857933
17,16,700,6.55108
17,16,750,6.620073
17,16,850,6.745236
17,16,850,6.745236
17,16,1100,7.003066
18,16,200,5.298317
18,16,350,5.857933
18,16,100,4.60517
18,16,200,5.298317
18,16,256.25,5.546154
18,16,250,5.521461
18,16,550,6.309918
18,16,450,6.109248
18,16,250,5.521461
18,16,600,6.39693
18,16,400,5.991465
18,16,400,5.991465
18,16,500,6.214608
18,16,450,6.109248
18,16,350,5.857933
18,16,550,6.309918
18,16,300,5.703783
18,16,550,6.309918
18,16,350,5.857933
18,16,600,6.39693
18,16,500,6.214608
18,16,600,6.39693
18,16,500,6.214608
18,16,500,6.214608
18,16,350,5.857933
18,16,350,5.857933
18,16,300,5.703783
18,16,850,6.745236
18,16,356.25,5.875633
18,16,600,6.39693
18,16,400,5.991465
18,16,600,6.39693
18,16,600,6.39693
18,16,600,6.39693
18,16,700,6.55108
18,16,700,6.55108
18,16,550,6.309918
18,16,1100,7.003066
18,16,356.25,5.875633
18,16,600,6.39693
18,16,650,6.476973
18,16,1250,7.130899
18,16,1000,6.907755
18,16,850,6.745236
19,16,500,6.214608
19,16,506.25,6.227031
19,16,256.25,5.546154
19,16,225,5.416101
19,16,300,5.703783
19,16,250,5.521461
19,16,100,4.60517
19,16,300,5.703783
19,16,250,5.521461
19,16,1225,7.110696
19,16,400,5.991465
19,16,400,5.991465
19,16,250,5.521461
19,16,350,5.857933
19,16,450,6.109248
19,16,550,6.309918
19,16,206.25,5.329089
19,16,206.25,5.329089
19,16,450,6.109248
19,16,225,5.416101
19,16,600,6.39693
19,16,500,6.214608
19,16,450,6.109248
19,16,600,6.39693
19,16,450,6.109248
19,16,1375,7.226209
19,16,450,6.109248
19,16,500,6.214608
19,16,700,6.55108
19,16,550,6.309918
19,16,600,6.39693
19,16,600,6.39693
19,16,850,6.745236
19,16,700,6.55108
19,16,356.25,5.875633
19,16,600,6.39693
19,16,700,6.55108
19,16,750,6.620073
19,16,506.25,6.227031
19,16,550,6.309918
19,16,1000,6.907755
19,16,1100,7.003066
19,16,900,6.802395
19,16,1175,7.069024
0,17,25,3.218876
0,17,6.25,1.832582
0,17,31.25,3.442019
1,17,6.25,1.832582
1,17,25,3.218876
1,17,12.5,2.525729
1,17,56.25,4.029806
1,17,6.25,1.832582
1,17,25,3.218876
1,17,31.25,3.442019
1,17,75,4.317488
2,17,25,3.218876
2,17,25,3.218876
2,17,12.5,2.525729
2,17,6.25,1.832582
2,17,125,4.828314
2,17,25,3.218876
2,17,50,3.912023
2,17,125,4.828314
3,17,25,3.218876
3,17,50,3.912023
3,17,175,5.164786
3,17,175,5.164786
3,17,50,3.912023
3,17,75,4.317488
3,17,150,5.010635
3,17,200,5.298317
4,17,12.5,2.525729
4,17,31.25,3.442019
4,17,75,4.317488
4,17,150,5.010635
5,17,125,4.828314
5,17,250,5.521461
5,17,175,5.164786
6,17,300,5.703783
7,17,500,6.214608
10,17,200,5.298317
10,17,400,5.991465
11,17,150,5.010635
11,17,150,5.010635
11,17,300,5.703783
12,17,100,4.60517
12,17,1125,7.025538
12,17,1225,7.110696
12,17,2250,7.718686
13,17,50,3.912023
18,17,1000,6.907755
1,18,400,5.991465
2,18,175,5.164786
2,18,250,5.521461
2,18,250,5.521461
2,18,350,5.857933
2,18,250,5.521461
2,18,400,5.991465
3,18,250,5.521461
3,18,300,5.703783
3,18,400,5.991465
4,18,350,5.857933
4,18,400,5.991465
4,18,450,6.109248
4,18,350,5.857933
4,18,350,5.857933
4,18,450,6.109248
5,18,350,5.857933
5,18,400,5.991465
5,18,400,5.991465
5,18,450,6.109248
6,18,300,5.703783
6,18,200,5.298317
6,18,350,5.857933
6,18,650,6.476973
6,18,550,6.309918
6,18,750,6.620073
6,18,500,6.214608
6,18,450,6.109248
6,18,300,5.703783
6,18,500,6.214608
6,18,650,6.476973
7,18,450,6.109248
7,18,300,5.703783
7,18,400,5.991465
7,18,350,5.857933
7,18,550,6.309918
7,18,400,5.991465
7,18,300,5.703783
7,18,400,5.991465
7,18,450,6.109248
7,18,500,6.214608
7,18,400,5.991465
7,18,500,6.214608
8,18,350,5.857933
8,18,350,5.857933
8,18,350,5.857933
8,18,350,5.857933
9,18,356.25,5.875633
9,18,400,5.991465
9,18,206.25,5.329089
9,18,450,6.109248
9,18,1000,6.907755
9,18,550,6.309918
9,18,700,6.55108
9,18,950,6.856462
10,18,150,5.010635
10,18,400,5.991465
10,18,350,5.857933
10,18,350,5.857933
10,18,700,6.55108
10,18,400,5.991465
10,18,450,6.109248
10,18,500,6.214608
10,18,700,6.55108
11,18,356.25,5.875633
11,18,350,5.857933
11,18,400,5.991465
11,18,600,6.39693
11,18,500,6.214608
11,18,600,6.39693
11,18,600,6.39693
11,18,600,6.39693
11,18,500,6.214608
11,18,700,6.55108
11,18,600,6.39693
12,18,450,6.109248
12,18,550,6.309918
12,18,600,6.39693
12,18,350,5.857933
12,18,600,6.39693
12,18,500,6.214608
12,18,550,6.309918
12,18,600,6.39693
12,18,700,6.55108
12,18,600,6.39693
12,18,850,6.745236
12,18,550,6.309918
12,18,750,6.620073
13,18,600,6.39693
13,18,700,6.55108
13,18,700,6.55108
13,18,700,6.55108
14,18,356.25,5.875633
14,18,600,6.39693
14,18,500,6.214608
14,18,700,6.55108
14,18,700,6.55108
14,18,850,6.745236
14,18,700,6.55108
14,18,700,6.55108
14,18,700,6.55108
14,18,700,6.55108
14,18,850,6.745236
15,18,250,5.521461
15,18,400,5.991465
15,18,750,6.620073
15,18,450,6.109248
15,18,550,6.309918
15,18,750,6.620073
16,18,350,5.857933
16,18,500,6.214608
16,18,350,5.857933
16,18,500,6.214608
16,18,500,6.214608
16,18,850,6.745236
17,18,1000,6.907755
