female,yeduc,lincome
0,9,4.60517
0,9,5.010635
0,9,4.60517
0,9,5.010635
0,9,5.329089
0,9,5.329089
0,9,5.521461
0,9,4.60517
0,9,5.010635
0,9,5.521461
0,9,5.521461
0,9,5.857933
0,9,5.857933
0,9,4.60517
0,9,5.703783
0,9,5.010635
0,9,5.521461
0,9,5.298317
0,9,5.521461
0,9,5.010635
0,9,5.298317
0,9,5.521461
0,9,5.703783
0,9,5.521461
0,9,5.703783
0,9,5.703783
0,9,5.298317
0,9,5.298317
0,9,5.703783
0,9,5.298317
0,9,5.521461
0,9,5.703783
0,9,6.109248
0,9,6.309918
0,9,5.991465
0,9,5.298317
0,9,5.703783
0,9,5.703783
0,9,5.703783
0,9,5.991465
0,9,5.521461
0,9,5.703783
0,9,6.109248
0,9,6.39693
0,9,6.309918
1,9,5.298317
1,9,1.832582
1,9,5.298317
1,9,3.218876
1,9,3.218876
1,9,3.442019
1,9,4.029806
1,9,1.832582
1,9,3.218876
1,9,3.218876
1,9,4.60517
1,9,5.521461
1,9,3.912023
1,9,4.60517
1,9,3.912023
1,9,4.665795
1,9,4.60517
1,9,5.329089
0,11,5.010635
0,11,4.029806
0,11,4.828314
0,11,5.164786
0,11,4.828314
0,11,4.317488
0,11,5.010635
0,11,5.298317
0,11,3.912023
0,11,4.60517
0,11,5.010635
0,11,5.521461
0,11,5.521461
0,11,5.521461
0,11,5.703783
0,11,5.298317
0,11,5.521461
0,11,5.703783
0,11,5.521461
0,11,5.521461
0,11,4.828314
0,11,4.828314
0,11,5.857933
0,11,5.521461
0,11,5.521461
0,11,6.802395
0,11,5.857933
0,11,5.521461
0,11,5.703783
0,11,5.703783
0,11,5.703783
0,11,5.521461
0,11,5.051457
0,11,5.298317
0,11,5.857933
0,11,6.802395
0,11,5.703783
0,11,5.703783
0,11,5.521461
0,11,5.991465
0,11,5.703783
0,11,5.521461
0,11,5.703783
0,11,5.703783
0,11,5.703783
0,11,6.109248
0,11,5.857933
0,11,5.703783
0,11,5.857933
0,11,5.991465
0,11,6.109248
0,11,5.991465
0,11,5.703783
0,11,5.857933
0,11,5.991465
0,11,5.991465
0,11,5.703783
0,11,5.703783
0,11,5.857933
0,11,5.616771
0,11,5.857933
0,11,5.991465
0,11,5.991465
0,11,6.6846120000000004
0,11,7.047517
1,11,5.010635
1,11,5.010635
1,11,3.912023
1,11,1.832582
1,11,5.521461
1,11,3.442019
1,11,1.832582
1,11,4.029806
1,11,4.317488
1,11,3.218876
1,11,3.218876
1,11,4.317488
1,11,4.317488
1,11,4.60517
1,11,3.912023
1,11,4.317488
1,11,4.317488
1,11,4.317488
1,11,4.60517
1,11,4.60517
1,11,5.703783
1,11,4.60517
1,11,4.60517
1,11,4.828314
1,11,4.665795
1,11,5.010635
1,11,5.010635
1,11,5.521461
1,11,5.298317
1,11,5.164786
1,11,5.616771
0,12,5.521461
0,12,5.298317
0,12,4.60517
0,12,5.010635
0,12,5.298317
0,12,4.60517
0,12,5.010635
0,12,5.521461
0,12,5.521461
0,12,5.521461
0,12,4.60517
0,12,4.60517
0,12,4.60517
0,12,4.60517
0,12,4.60517
0,12,5.010635
0,12,5.010635
0,12,5.521461
0,12,4.60517
0,12,5.298317
0,12,5.010635
0,12,5.298317
0,12,5.298317
0,12,2.525729
0,12,5.329089
0,12,5.051457
0,12,5.546154
0,12,4.665795
0,12,4.665795
0,12,4.665795
0,12,4.029806
0,12,5.329089
0,12,5.329089
0,12,4.665795
0,12,4.665795
0,12,5.051457
0,12,5.164786
0,12,5.164786
0,12,5.164786
0,12,4.317488
0,12,5.416101
0,12,5.164786
0,12,5.164786
0,12,5.416101
0,12,5.298317
0,12,5.703783
0,12,4.60517
0,12,5.521461
0,12,5.991465
0,12,5.010635
0,12,5.521461
0,12,4.60517
0,12,5.010635
0,12,5.298317
0,12,5.991465
0,12,5.521461
0,12,5.298317
0,12,4.60517
0,12,5.521461
0,12,5.010635
0,12,5.703783
0,12,5.298317
0,12,5.703783
0,12,5.521461
0,12,5.298317
0,12,5.298317
0,12,5.521461
0,12,5.521461
0,12,5.703783
0,12,5.991465
0,12,3.912023
0,12,5.703783
0,12,5.991465
0,12,5.521461
0,12,5.521461
0,12,5.521461
0,12,3.912023
0,12,5.010635
0,12,6.309918
0,12,5.521461
0,12,5.521461
0,12,5.010635
0,12,4.60517
0,12,5.703783
0,12,5.298317
0,12,5.010635
0,12,3.912023
0,12,5.991465
0,12,5.521461
0,12,5.010635
0,12,5.010635
0,12,5.010635
0,12,5.703783
0,12,5.857933
0,12,5.521461
0,12,5.703783
0,12,5.521461
0,12,5.703783
0,12,5.703783
0,12,5.857933
0,12,5.703783
0,12,6.109248
0,12,5.010635
0,12,5.857933
0,12,5.857933
0,12,5.703783
0,12,5.703783
0,12,6.109248
0,12,5.298317
0,12,5.521461
0,12,5.521461
0,12,5.521461
0,12,5.521461
0,12,5.703783
0,12,5.298317
0,12,5.298317
0,12,5.521461
0,12,5.521461
0,12,6.109248
0,12,5.298317
0,12,5.703783
0,12,5.703783
0,12,5.521461
0,12,5.703783
0,12,5.703783
0,12,5.703783
0,12,5.703783
0,12,5.521461
0,12,4.60517
0,12,5.703783
0,12,5.703783
0,12,5.521461
0,12,5.298317
0,12,5.857933
0,12,5.703783
0,12,5.521461
0,12,5.298317
0,12,5.521461
0,12,5.703783
0,12,5.298317
0,12,5.857933
0,12,5.521461
0,12,5.010635
0,12,5.298317
0,12,5.010635
0,12,6.109248
0,12,5.521461
0,12,6.109248
0,12,5.521461
0,12,5.703783
0,12,5.521461
0,12,5.010635
0,12,4.60517
0,12,5.521461
0,12,5.521461
0,12,5.703783
0,12,5.703783
0,12,5.521461
0,12,5.857933
0,12,5.703783
0,12,4.60517
0,12,5.857933
0,12,5.521461
0,12,5.298317
0,12,5.521461
0,12,5.703783
0,12,5.521461
0,12,5.521461
0,12,5.298317
0,12,5.521461
0,12,5.298317
0,12,5.521461
0,12,5.298317
0,12,5.010635
0,12,5.521461
0,12,5.703783
0,12,5.857933
0,12,5.010635
0,12,5.298317
0,12,5.703783
0,12,6.109248
0,12,5.298317
0,12,5.857933
0,12,5.703783
0,12,5.857933
0,12,5.857933
0,12,5.703783
0,12,5.857933
0,12,6.109248
0,12,5.703783
0,12,5.521461
0,12,5.298317
0,12,5.010635
0,12,5.521461
0,12,4.60517
0,12,4.60517
0,12,5.703783
0,12,5.521461
0,12,5.703783
0,12,5.521461
0,12,5.703783
0,12,5.703783
0,12,5.857933
0,12,5.521461
0,12,5.703783
0,12,6.214608
0,12,5.051457
0,12,5.298317
0,12,5.298317
0,12,5.051457
0,12,5.521461
0,12,5.051457
0,12,5.521461
0,12,5.857933
0,12,5.991465
0,12,5.991465
0,12,5.703783
0,12,5.521461
0,12,5.164786
0,12,5.991465
0,12,5.857933
0,12,5.991465
0,12,5.703783
0,12,5.857933
0,12,6.214608
0,12,5.010635
0,12,5.051457
0,12,5.703783
0,12,5.857933
0,12,6.214608
0,12,5.703783
0,12,5.991465
0,12,5.703783
0,12,5.991465
0,12,5.991465
0,12,5.051457
0,12,5.703783
0,12,5.298317
0,12,5.703783
0,12,5.703783
0,12,5.857933
0,12,5.703783
0,12,5.857933
0,12,5.857933
0,12,5.703783
0,12,5.703783
0,12,5.298317
0,12,6.214608
0,12,5.857933
0,12,5.991465
0,12,5.521461
0,12,5.521461
0,12,5.857933
0,12,5.857933
0,12,5.857933
0,12,5.521461
0,12,5.298317
0,12,5.857933
0,12,5.703783
0,12,6.214608
0,12,5.703783
0,12,5.857933
0,12,5.857933
0,12,6.476973
0,12,5.703783
0,12,5.521461
0,12,5.857933
0,12,5.857933
0,12,6.214608
0,12,5.298317
0,12,5.521461
0,12,5.298317
0,12,6.214608
0,12,5.991465
0,12,5.857933
0,12,5.703783
0,12,5.857933
0,12,6.214608
0,12,5.991465
0,12,6.214608
0,12,5.521461
0,12,5.521461
0,12,5.521461
0,12,5.010635
0,12,5.521461
0,12,5.521461
0,12,5.298317
0,12,5.010635
0,12,5.703783
0,12,5.521461
0,12,5.857933
0,12,5.010635
0,12,5.857933
0,12,6.214608
0,12,5.521461
0,12,5.991465
0,12,5.521461
0,12,5.991465
0,12,5.857933
0,12,5.521461
0,12,5.521461
0,12,5.703783
0,12,5.857933
0,12,5.521461
0,12,5.703783
0,12,6.214608
0,12,5.521461
0,12,6.214608
0,12,5.703783
0,12,6.214608
0,12,5.010635
0,12,6.214608
0,12,5.703783
0,12,5.991465
0,12,5.298317
0,12,5.857933
0,12,5.991465
0,12,5.857933
0,12,5.703783
0,12,5.521461
0,12,6.214608
0,12,5.857933
0,12,5.521461
0,12,5.703783
0,12,5.521461
0,12,5.991465
0,12,6.214608
0,12,5.703783
0,12,5.991465
0,12,5.051457
0,12,5.703783
0,12,6.214608
0,12,5.857933
0,12,5.703783
0,12,5.703783
0,12,5.298317
0,12,5.991465
0,12,5.857933
0,12,5.857933
0,12,5.703783
0,12,5.991465
0,12,6.109248
0,12,5.857933
0,12,5.298317
0,12,5.991465
0,12,6.309918
0,12,6.109248
0,12,5.703783
0,12,5.857933
0,12,5.857933
0,12,5.521461
0,12,5.991465
0,12,5.703783
0,12,5.857933
0,12,5.991465
0,12,5.991465
0,12,5.703783
0,12,5.298317
0,12,6.309918
0,12,5.991465
0,12,5.857933
0,12,5.329089
0,12,5.857933
0,12,5.857933
0,12,5.521461
0,12,5.703783
0,12,5.991465
0,12,6.109248
0,12,5.857933
0,12,5.857933
0,12,5.857933
0,12,6.109248
0,12,5.991465
0,12,5.857933
0,12,5.991465
0,12,5.298317
0,12,5.857933
0,12,6.109248
0,12,6.309918
0,12,5.857933
0,12,6.109248
0,12,5.298317
0,12,5.991465
0,12,5.703783
0,12,5.857933
0,12,5.991465
0,12,5.857933
0,12,5.703783
0,12,5.991465
0,12,5.329089
0,12,5.991465
0,12,5.703783
0,12,6.109248
0,12,5.857933
0,12,5.298317
0,12,6.109248
0,12,5.991465
0,12,5.991465
0,12,6.109248
0,12,5.298317
0,12,5.521461
0,12,5.521461
0,12,6.309918
0,12,5.521461
0,12,6.109248
0,12,5.703783
0,12,5.991465
0,12,6.309918
0,12,5.857933
0,12,5.857933
0,12,5.991465
0,12,6.109248
0,12,5.703783
0,12,5.521461
0,12,5.703783
0,12,5.857933
0,12,5.521461
0,12,5.857933
0,12,5.857933
0,12,5.991465
0,12,5.521461
0,12,5.857933
0,12,5.991465
0,12,5.991465
0,12,5.521461
0,12,5.521461
0,12,5.991465
0,12,6.109248
0,12,5.991465
0,12,5.703783
0,12,5.329089
0,12,5.703783
0,12,5.703783
0,12,5.703783
0,12,7.189168
0,12,5.329089
0,12,6.109248
0,12,5.857933
0,12,5.703783
0,12,6.109248
0,12,5.991465
0,12,5.521461
0,12,5.703783
0,12,6.109248
0,12,5.298317
0,12,6.309918
0,12,5.521461
0,12,5.703783
0,12,6.109248
0,12,5.857933
0,12,5.298317
0,12,6.109248
0,12,5.991465
0,12,6.109248
0,12,5.991465
0,12,6.109248
0,12,5.991465
0,12,5.857933
0,12,5.991465
0,12,6.109248
0,12,6.309918
0,12,5.298317
0,12,5.991465
0,12,5.703783
0,12,5.857933
0,12,6.309918
0,12,6.109248
0,12,5.857933
0,12,5.298317
0,12,5.857933
0,12,5.521461
0,12,6.109248
0,12,5.521461
0,12,5.991465
0,12,5.703783
0,12,6.309918
0,12,5.298317
0,12,5.857933
0,12,5.857933
0,12,5.703783
0,12,5.991465
0,12,5.298317
0,12,5.857933
0,12,5.703783
0,12,5.703783
0,12,6.109248
0,12,6.214608
0,12,5.991465
0,12,6.39693
0,12,5.857933
0,12,5.703783
0,12,6.109248
0,12,5.703783
0,12,6.214608
0,12,5.546154
0,12,6.39693
0,12,6.109248
0,12,5.991465
0,12,5.703783
0,12,5.991465
0,12,5.857933
0,12,6.109248
0,12,6.109248
0,12,6.214608
0,12,6.214608
0,12,6.214608
0,12,5.857933
0,12,6.39693
0,12,5.857933
0,12,5.857933
0,12,6.109248
0,12,5.991465
0,12,6.109248
0,12,5.857933
0,12,6.109248
0,12,6.109248
0,12,6.39693
0,12,5.991465
0,12,6.620073
0,12,5.521461
0,12,5.991465
0,12,5.703783
0,12,5.857933
0,12,5.991465
0,12,6.109248
0,12,5.546154
0,12,5.857933
0,12,5.991465
0,12,5.991465
0,12,6.109248
0,12,6.109248
0,12,6.214608
0,12,5.703783
0,12,6.109248
0,12,5.991465
0,12,6.39693
0,12,5.857933
0,12,6.214608
0,12,5.703783
0,12,6.214608
0,12,6.620073
0,12,6.109248
0,12,5.991465
0,12,6.109248
0,12,6.109248
0,12,5.546154
0,12,5.857933
0,12,5.857933
0,12,6.109248
0,12,5.857933
0,12,6.39693
0,12,6.214608
0,12,5.857933
0,12,5.991465
0,12,5.521461
0,12,6.109248
0,12,6.109248
0,12,6.109248
0,12,5.521461
0,12,5.857933
0,12,6.109248
0,12,5.991465
0,12,6.214608
0,12,5.857933
0,12,6.620073
0,12,5.991465
0,12,6.214608
0,12,6.109248
0,12,6.109248
0,12,5.857933
0,12,5.991465
0,12,5.991465
0,12,6.109248
0,12,5.546154
0,12,6.109248
0,12,6.55108
0,12,6.55108
0,12,6.214608
0,12,6.39693
0,12,6.309918
0,12,6.39693
0,12,6.214608
0,12,6.55108
0,12,6.39693
0,12,6.109248
0,12,5.875633
0,12,6.745236
0,12,6.309918
0,12,6.109248
0,12,6.309918
0,12,6.214608
0,12,6.39693
0,12,6.309918
0,12,6.55108
0,12,6.309918
0,12,6.309918
0,12,6.309918
0,12,6.309918
0,12,6.39693
0,12,6.309918
0,12,6.214608
0,12,6.309918
0,12,6.214608
0,12,6.39693
0,12,6.39693
0,12,6.55108
0,12,6.214608
0,12,6.109248
0,12,6.214608
0,12,6.214608
0,12,5.991465
0,12,6.109248
0,12,6.109248
0,12,6.214608
0,12,6.55108
0,12,6.39693
0,12,6.309918
0,12,6.109248
0,12,5.991465
0,12,6.39693
0,12,6.109248
0,12,6.55108
0,12,6.55108
0,12,6.620073
0,12,6.745236
0,12,6.476973
0,12,6.39693
0,12,6.745236
0,12,6.39693
0,12,7.069024
1,12,3.912023
1,12,3.912023
1,12,3.912023
1,12,3.218876
1,12,1.832582
1,12,4.60517
1,12,4.60517
1,12,4.60517
1,12,4.60517
1,12,3.912023
1,12,3.218876
1,12,1.832582
1,12,4.60517
1,12,5.298317
1,12,3.912023
1,12,3.218876
1,12,5.010635
1,12,3.912023
1,12,4.60517
1,12,3.912023
1,12,4.60517
1,12,4.60517
1,12,1.832582
1,12,3.912023
1,12,4.60517
1,12,5.010635
1,12,3.912023
1,12,3.912023
1,12,4.60517
1,12,4.60517
1,12,3.912023
1,12,3.218876
1,12,3.912023
1,12,3.912023
1,12,5.010635
1,12,3.912023
1,12,5.010635
1,12,4.60517
1,12,3.912023
1,12,4.60517
1,12,3.912023
1,12,3.912023
1,12,3.912023
1,12,4.60517
1,12,4.60517
1,12,4.60517
1,12,3.912023
1,12,3.218876
1,12,5.010635
1,12,3.218876
1,12,3.912023
1,12,3.912023
1,12,3.218876
1,12,1.832582
1,12,5.010635
1,12,1.832582
1,12,1.832582
1,12,4.60517
1,12,4.60517
1,12,1.832582
1,12,5.010635
1,12,5.298317
1,12,5.010635
1,12,3.218876
1,12,4.60517
1,12,5.010635
1,12,4.60517
1,12,1.832582
1,12,3.912023
1,12,4.60517
1,12,4.60517
1,12,5.010635
1,12,5.010635
1,12,3.912023
1,12,5.010635
1,12,4.60517
1,12,3.218876
1,12,1.832582
1,12,4.60517
1,12,3.912023
1,12,3.912023
1,12,3.218876
1,12,4.60517
1,12,1.832582
1,12,5.010635
1,12,1.832582
1,12,3.912023
1,12,5.010635
1,12,4.60517
1,12,4.60517
1,12,3.912023
1,12,4.60517
1,12,4.60517
1,12,4.60517
1,12,5.298317
1,12,3.912023
1,12,3.912023
1,12,1.832582
1,12,3.912023
1,12,3.218876
1,12,5.298317
1,12,5.010635
1,12,4.60517
1,12,5.010635
1,12,3.912023
1,12,1.832582
1,12,3.218876
1,12,3.912023
1,12,3.912023
1,12,4.60517
1,12,4.60517
1,12,3.912023
1,12,3.912023
1,12,6.214608
1,12,4.029806
1,12,4.665795
1,12,3.442019
1,12,5.051457
1,12,3.442019
1,12,1.832582
1,12,4.029806
1,12,5.051457
1,12,5.051457
1,12,1.832582
1,12,1.832582
1,12,4.029806
1,12,4.029806
1,12,4.665795
1,12,4.665795
1,12,4.665795
1,12,3.442019
1,12,1.832582
1,12,2.525729
1,12,4.029806
1,12,5.051457
1,12,5.051457
1,12,4.029806
1,12,1.832582
1,12,4.029806
1,12,4.029806
1,12,4.029806
1,12,1.832582
1,12,1.832582
1,12,4.665795
1,12,2.525729
1,12,4.665795
1,12,5.051457
1,12,1.832582
1,12,5.329089
1,12,4.665795
1,12,4.029806
1,12,4.029806
1,12,3.442019
1,12,5.329089
1,12,4.029806
1,12,4.665795
1,12,4.029806
1,12,3.442019
1,12,1.832582
1,12,1.832582
1,12,4.665795
1,12,5.546154
1,12,1.832582
1,12,4.029806
1,12,4.029806
1,12,4.029806
1,12,3.912023
1,12,4.317488
1,12,4.828314
1,12,3.218876
1,12,4.317488
1,12,3.218876
1,12,4.828314
1,12,4.828314
1,12,5.164786
1,12,3.218876
1,12,4.828314
1,12,4.317488
1,12,4.317488
1,12,3.218876
1,12,4.317488
1,12,3.442019
1,12,4.317488
1,12,4.828314
1,12,4.317488
1,12,4.828314
1,12,3.218876
1,12,5.416101
1,12,5.164786
1,12,3.912023
1,12,4.317488
1,12,4.317488
1,12,5.164786
1,12,3.218876
1,12,4.828314
1,12,5.164786
1,12,4.828314
1,12,5.416101
1,12,4.317488
1,12,3.912023
1,12,4.317488
1,12,4.828314
1,12,5.164786
1,12,4.317488
1,12,3.218876
1,12,3.442019
1,12,4.317488
1,12,3.912023
1,12,4.317488
1,12,4.317488
1,12,3.218876
1,12,5.164786
1,12,3.218876
1,12,4.317488
1,12,3.218876
1,12,5.164786
1,12,3.218876
1,12,3.218876
1,12,3.218876
1,12,4.828314
1,12,4.317488
1,12,3.912023
1,12,4.317488
1,12,5.164786
1,12,4.317488
1,12,4.317488
1,12,5.298317
1,12,5.010635
1,12,3.912023
1,12,5.521461
1,12,4.029806
1,12,5.010635
1,12,5.010635
1,12,5.010635
1,12,4.317488
1,12,5.010635
1,12,5.010635
1,12,3.912023
1,12,4.317488
1,12,5.010635
1,12,4.317488
1,12,5.010635
1,12,5.298317
1,12,4.60517
1,12,4.029806
1,12,3.912023
1,12,4.60517
1,12,3.912023
1,12,4.60517
1,12,4.029806
1,12,5.010635
1,12,5.010635
1,12,3.912023
1,12,5.010635
1,12,4.60517
1,12,5.010635
1,12,4.029806
1,12,3.912023
1,12,5.010635
1,12,4.60517
1,12,4.60517
1,12,3.912023
1,12,4.60517
1,12,5.010635
1,12,3.912023
1,12,4.029806
1,12,4.317488
1,12,3.912023
1,12,5.010635
1,12,4.60517
1,12,3.912023
1,12,5.010635
1,12,3.912023
1,12,3.912023
1,12,3.912023
1,12,4.60517
1,12,5.298317
1,12,3.912023
1,12,5.010635
1,12,4.317488
1,12,5.298317
1,12,4.317488
1,12,5.298317
1,12,3.912023
1,12,5.298317
1,12,3.912023
1,12,4.317488
1,12,4.029806
1,12,4.60517
1,12,3.912023
1,12,5.010635
1,12,4.029806
1,12,4.317488
1,12,4.60517
1,12,4.60517
1,12,3.912023
1,12,4.029806
1,12,5.010635
1,12,4.60517
1,12,3.912023
1,12,5.298317
1,12,5.010635
1,12,5.010635
1,12,5.010635
1,12,4.317488
1,12,4.029806
1,12,4.60517
1,12,5.298317
1,12,5.010635
1,12,4.60517
1,12,3.912023
1,12,3.912023
1,12,4.60517
1,12,3.912023
1,12,4.60517
1,12,4.029806
1,12,5.010635
1,12,5.010635
1,12,5.010635
1,12,3.912023
1,12,4.60517
1,12,3.912023
1,12,4.60517
1,12,3.912023
1,12,3.912023
1,12,5.298317
1,12,4.60517
1,12,3.912023
1,12,3.912023
1,12,3.912023
1,12,5.298317
1,12,4.60517
1,12,5.298317
1,12,4.317488
1,12,4.317488
1,12,3.912023
1,12,5.298317
1,12,4.029806
1,12,5.521461
1,12,4.317488
1,12,4.317488
1,12,4.029806
1,12,5.298317
1,12,3.912023
1,12,4.60517
1,12,5.010635
1,12,3.912023
1,12,5.521461
1,12,3.912023
1,12,5.521461
1,12,5.010635
1,12,3.912023
1,12,4.317488
1,12,4.60517
1,12,3.912023
1,12,4.60517
1,12,4.317488
1,12,3.912023
1,12,5.010635
1,12,4.317488
1,12,4.60517
1,12,3.912023
1,12,4.60517
1,12,3.912023
1,12,3.912023
1,12,4.60517
1,12,3.912023
1,12,5.010635
1,12,4.317488
1,12,4.60517
1,12,5.298317
1,12,5.010635
1,12,3.912023
1,12,3.912023
1,12,3.912023
1,12,4.60517
1,12,4.317488
1,12,5.010635
1,12,5.298317
1,12,4.60517
1,12,4.665795
1,12,5.010635
1,12,4.665795
1,12,4.665795
1,12,5.521461
1,12,5.521461
1,12,5.298317
1,12,4.828314
1,12,4.665795
1,12,4.60517
1,12,5.521461
1,12,4.828314
1,12,4.60517
1,12,5.521461
1,12,5.010635
1,12,5.298317
1,12,5.298317
1,12,5.010635
1,12,5.010635
1,12,4.60517
1,12,5.010635
1,12,4.828314
1,12,5.010635
1,12,4.60517
1,12,5.521461
1,12,4.60517
1,12,5.298317
1,12,5.298317
1,12,4.828314
1,12,5.010635
1,12,5.298317
1,12,4.60517
1,12,4.60517
1,12,5.298317
1,12,5.010635
1,12,4.665795
1,12,4.60517
1,12,4.60517
1,12,5.010635
1,12,4.60517
1,12,5.521461
1,12,5.703783
1,12,4.60517
1,12,5.521461
1,12,5.857933
1,12,5.521461
1,12,4.60517
1,12,5.010635
1,12,4.60517
1,12,5.298317
1,12,4.60517
1,12,5.298317
1,12,4.665795
1,12,4.60517
1,12,5.298317
1,12,4.60517
1,12,4.60517
1,12,5.703783
1,12,5.521461
1,12,5.703783
1,12,5.298317
1,12,4.60517
1,12,4.828314
1,12,5.298317
1,12,5.298317
1,12,4.828314
1,12,4.828314
1,12,5.010635
1,12,5.521461
1,12,5.298317
1,12,5.010635
1,12,5.010635
1,12,5.521461
1,12,5.298317
1,12,5.298317
1,12,4.60517
1,12,5.010635
1,12,4.60517
1,12,4.828314
1,12,5.298317
1,12,5.010635
1,12,4.60517
1,12,5.298317
1,12,5.010635
1,12,4.60517
1,12,5.010635
1,12,5.521461
1,12,4.60517
1,12,5.010635
1,12,5.298317
1,12,5.703783
1,12,5.010635
1,12,5.010635
1,12,5.298317
1,12,5.010635
1,12,5.010635
1,12,5.010635
1,12,5.298317
1,12,5.521461
1,12,5.857933
1,12,4.60517
1,12,4.60517
1,12,5.298317
1,12,5.703783
1,12,5.521461
1,12,5.010635
1,12,5.298317
1,12,5.010635
1,12,5.521461
1,12,4.60517
1,12,5.010635
1,12,5.010635
1,12,4.60517
1,12,5.010635
1,12,4.60517
1,12,4.60517
1,12,5.051457
1,12,5.010635
1,12,5.521461
1,12,5.298317
1,12,5.703783
1,12,5.703783
1,12,5.857933
1,12,5.298317
1,12,5.010635
1,12,5.521461
1,12,5.164786
1,12,5.703783
1,12,5.521461
1,12,5.298317
1,12,5.051457
1,12,5.051457
1,12,5.521461
1,12,5.298317
1,12,5.298317
1,12,5.051457
1,12,5.010635
1,12,5.521461
1,12,5.298317
1,12,5.010635
1,12,5.703783
1,12,5.010635
1,12,5.164786
1,12,5.298317
1,12,5.521461
1,12,5.298317
1,12,5.298317
1,12,5.010635
1,12,5.521461
1,12,5.164786
1,12,5.298317
1,12,5.298317
1,12,5.010635
1,12,5.164786
1,12,5.298317
1,12,5.521461
1,12,5.521461
1,12,5.010635
1,12,5.010635
1,12,5.703783
1,12,5.010635
1,12,5.298317
1,12,5.051457
1,12,5.298317
1,12,5.298317
1,12,5.298317
1,12,5.164786
1,12,5.051457
1,12,5.298317
1,12,5.298317
1,12,5.010635
1,12,5.010635
1,12,5.857933
1,12,5.010635
1,12,5.521461
1,12,5.010635
1,12,5.521461
1,12,5.010635
1,12,5.010635
1,12,5.298317
1,12,5.521461
1,12,5.010635
1,12,5.298317
1,12,5.164786
1,12,5.010635
1,12,5.298317
1,12,5.857933
1,12,5.298317
1,12,5.298317
1,12,5.521461
1,12,5.703783
1,12,5.298317
1,12,5.298317
1,12,5.521461
1,12,5.416101
1,12,5.298317
1,12,6.109248
1,12,5.703783
1,12,5.703783
1,12,5.521461
1,12,5.416101
1,12,5.329089
1,12,5.857933
1,12,5.298317
1,12,5.298317
1,12,5.703783
1,12,5.416101
1,12,5.298317
1,12,5.703783
1,12,6.109248
1,12,5.857933
1,12,5.857933
1,12,5.857933
1,12,6.214608
1,12,6.652863
0,13,5.521461
0,13,5.857933
0,13,5.010635
0,13,5.857933
0,13,5.521461
0,13,5.857933
0,13,4.60517
0,13,4.60517
0,13,5.010635
0,13,4.60517
0,13,6.227031
0,13,4.665795
0,13,4.665795
0,13,5.329089
0,13,5.416101
0,13,5.164786
0,13,5.416101
0,13,5.164786
0,13,5.298317
0,13,5.703783
0,13,5.521461
0,13,5.521461
0,13,5.703783
0,13,5.298317
0,13,4.029806
0,13,3.912023
0,13,5.703783
0,13,5.991465
0,13,5.298317
0,13,5.703783
0,13,5.521461
0,13,5.298317
0,13,5.991465
0,13,5.010635
0,13,5.298317
0,13,5.010635
0,13,5.298317
0,13,5.298317
0,13,5.298317
0,13,6.39693
0,13,5.857933
0,13,5.298317
0,13,5.703783
0,13,5.521461
0,13,5.010635
0,13,5.010635
0,13,5.857933
0,13,5.857933
0,13,5.298317
0,13,5.703783
0,13,5.857933
0,13,5.857933
0,13,5.703783
0,13,4.60517
0,13,5.857933
0,13,5.521461
0,13,6.109248
0,13,5.298317
0,13,5.521461
0,13,4.60517
0,13,5.857933
0,13,5.703783
0,13,5.703783
0,13,5.857933
0,13,5.857933
0,13,5.703783
0,13,5.521461
0,13,5.857933
0,13,5.298317
0,13,5.298317
0,13,5.521461
0,13,6.109248
0,13,5.521461
0,13,5.857933
0,13,5.298317
0,13,5.521461
0,13,5.298317
0,13,5.010635
0,13,4.60517
0,13,5.521461
0,13,5.521461
0,13,5.703783
0,13,5.521461
0,13,6.109248
0,13,5.298317
0,13,4.60517
0,13,5.010635
0,13,4.60517
0,13,5.703783
0,13,5.703783
0,13,5.298317
0,13,5.857933
0,13,5.521461
0,13,5.857933
0,13,5.010635
0,13,5.298317
0,13,5.298317
0,13,5.703783
0,13,5.857933
0,13,5.703783
0,13,5.298317
0,13,5.521461
0,13,5.521461
0,13,5.521461
0,13,5.857933
0,13,5.298317
0,13,5.521461
0,13,5.521461
0,13,5.857933
0,13,5.857933
0,13,5.164786
0,13,5.051457
0,13,5.857933
0,13,6.214608
0,13,5.703783
0,13,5.010635
0,13,5.703783
0,13,5.703783
0,13,5.857933
0,13,5.857933
0,13,5.857933
0,13,5.521461
0,13,5.010635
0,13,5.857933
0,13,5.298317
0,13,5.521461
0,13,5.703783
0,13,5.521461
0,13,5.857933
0,13,5.991465
0,13,5.857933
0,13,5.857933
0,13,5.703783
0,13,5.991465
0,13,5.703783
0,13,5.703783
0,13,5.298317
0,13,5.857933
0,13,6.214608
0,13,5.298317
0,13,5.857933
0,13,6.214608
0,13,5.857933
0,13,5.703783
0,13,5.857933
0,13,5.298317
0,13,5.521461
0,13,5.521461
0,13,5.703783
0,13,6.214608
0,13,5.703783
0,13,5.857933
0,13,6.214608
0,13,5.857933
0,13,5.051457
0,13,5.857933
0,13,5.051457
0,13,5.703783
0,13,5.857933
0,13,6.214608
0,13,5.010635
0,13,5.298317
0,13,5.521461
0,13,5.521461
0,13,5.991465
0,13,5.298317
0,13,6.476973
0,13,5.703783
0,13,5.857933
0,13,5.298317
0,13,5.521461
0,13,5.703783
0,13,5.703783
0,13,5.521461
0,13,5.703783
0,13,5.703783
0,13,6.214608
0,13,5.298317
0,13,5.703783
0,13,6.214608
0,13,5.010635
0,13,5.703783
0,13,5.298317
0,13,5.857933
0,13,5.010635
0,13,5.703783
0,13,5.521461
0,13,6.214608
0,13,5.521461
0,13,5.010635
0,13,5.857933
0,13,6.214608
0,13,5.521461
0,13,5.991465
0,13,5.051457
0,13,5.521461
0,13,5.703783
0,13,6.109248
0,13,6.309918
0,13,5.521461
0,13,5.703783
0,13,5.857933
0,13,5.991465
0,13,6.109248
0,13,5.703783
0,13,5.521461
0,13,5.857933
0,13,6.309918
0,13,5.991465
0,13,6.109248
0,13,5.991465
0,13,5.991465
0,13,5.703783
0,13,5.703783
0,13,5.991465
0,13,5.703783
0,13,5.857933
0,13,5.298317
0,13,6.109248
0,13,5.857933
0,13,6.109248
0,13,5.703783
0,13,5.703783
0,13,5.703783
0,13,5.416101
0,13,5.857933
0,13,5.703783
0,13,5.703783
0,13,6.109248
0,13,5.857933
0,13,5.991465
0,13,7.090077
0,13,5.857933
0,13,5.521461
0,13,5.857933
0,13,5.857933
0,13,5.857933
0,13,5.991465
0,13,6.309918
0,13,6.109248
0,13,5.298317
0,13,5.991465
0,13,5.857933
0,13,6.109248
0,13,5.703783
0,13,6.109248
0,13,5.703783
0,13,6.309918
0,13,6.309918
0,13,6.109248
0,13,5.703783
0,13,5.521461
0,13,5.857933
0,13,5.991465
0,13,6.109248
0,13,6.214608
0,13,5.703783
0,13,6.39693
0,13,5.857933
0,13,5.857933
0,13,6.109248
0,13,5.991465
0,13,6.109248
0,13,6.109248
0,13,6.39693
0,13,6.214608
0,13,5.521461
0,13,5.991465
0,13,5.991465
0,13,6.214608
0,13,6.109248
0,13,5.991465
0,13,5.991465
0,13,5.991465
0,13,6.620073
0,13,6.214608
0,13,6.39693
0,13,6.620073
0,13,6.214608
0,13,6.109248
0,13,5.991465
0,13,5.521461
0,13,6.39693
0,13,5.991465
0,13,5.991465
0,13,5.857933
0,13,5.991465
0,13,6.214608
0,13,6.214608
0,13,6.39693
0,13,6.214608
0,13,5.857933
0,13,5.991465
0,13,5.991465
0,13,5.857933
0,13,5.521461
0,13,6.214608
0,13,5.857933
0,13,5.521461
0,13,6.109248
0,13,6.109248
0,13,5.991465
0,13,5.546154
0,13,6.214608
0,13,5.991465
0,13,6.109248
0,13,6.109248
0,13,6.39693
0,13,6.109248
0,13,6.214608
0,13,6.214608
0,13,6.309918
0,13,6.39693
0,13,6.309918
0,13,6.109248
0,13,6.214608
0,13,6.214608
0,13,6.309918
0,13,6.109248
0,13,5.991465
0,13,6.214608
0,13,6.55108
0,13,6.109248
0,13,6.39693
0,13,6.214608
0,13,6.109248
0,13,6.309918
0,13,5.991465
0,13,6.309918
0,13,6.214608
0,13,6.109248
0,13,6.476973
0,13,6.39693
0,13,7.130899
1,13,5.298317
1,13,5.298317
1,13,1.832582
1,13,3.912023
1,13,4.60517
1,13,4.60517
1,13,4.60517
1,13,5.298317
1,13,4.60517
1,13,3.912023
1,13,3.912023
1,13,5.010635
1,13,1.832582
1,13,5.010635
1,13,5.857933
1,13,5.010635
1,13,3.912023
1,13,1.832582
1,13,5.298317
1,13,4.60517
1,13,5.521461
1,13,3.218876
1,13,5.010635
1,13,3.912023
1,13,5.298317
1,13,4.60517
1,13,3.912023
1,13,5.521461
1,13,3.218876
1,13,4.60517
1,13,3.218876
1,13,5.521461
1,13,5.298317
1,13,3.912023
1,13,5.010635
1,13,3.218876
1,13,3.912023
1,13,3.218876
1,13,5.298317
1,13,5.521461
1,13,4.60517
1,13,4.60517
1,13,3.912023
1,13,5.010635
1,13,3.912023
1,13,4.60517
1,13,5.010635
1,13,3.912023
1,13,3.912023
1,13,5.010635
1,13,5.298317
1,13,4.60517
1,13,5.298317
1,13,1.832582
1,13,3.218876
1,13,3.218876
1,13,3.912023
1,13,5.298317
1,13,1.832582
1,13,3.912023
1,13,3.912023
1,13,4.60517
1,13,3.912023
1,13,3.218876
1,13,5.329089
1,13,3.442019
1,13,4.665795
1,13,5.051457
1,13,4.665795
1,13,4.665795
1,13,4.029806
1,13,5.051457
1,13,5.329089
1,13,4.665795
1,13,5.051457
1,13,3.442019
1,13,5.329089
1,13,5.051457
1,13,5.329089
1,13,2.525729
1,13,4.665795
1,13,4.665795
1,13,2.525729
1,13,5.329089
1,13,4.029806
1,13,5.329089
1,13,3.442019
1,13,1.832582
1,13,5.051457
1,13,2.525729
1,13,5.416101
1,13,4.828314
1,13,4.317488
1,13,4.317488
1,13,3.912023
1,13,5.416101
1,13,4.828314
1,13,3.218876
1,13,3.442019
1,13,5.164786
1,13,3.912023
1,13,5.616771
1,13,3.442019
1,13,5.164786
1,13,4.317488
1,13,3.218876
1,13,4.317488
1,13,3.218876
1,13,4.317488
1,13,4.317488
1,13,3.218876
1,13,3.912023
1,13,3.218876
1,13,5.164786
1,13,4.828314
1,13,5.416101
1,13,3.218876
1,13,3.442019
1,13,5.164786
1,13,5.416101
1,13,3.442019
1,13,4.828314
1,13,5.164786
1,13,5.416101
1,13,5.926926
1,13,3.218876
1,13,4.317488
1,13,5.416101
1,13,4.317488
1,13,5.010635
1,13,5.010635
1,13,4.029806
1,13,3.912023
1,13,4.60517
1,13,5.010635
1,13,4.60517
1,13,4.317488
1,13,5.991465
1,13,5.010635
1,13,4.60517
1,13,5.298317
1,13,4.317488
1,13,5.521461
1,13,5.521461
1,13,4.317488
1,13,3.912023
1,13,4.317488
1,13,5.010635
1,13,5.521461
1,13,5.010635
1,13,4.60517
1,13,3.912023
1,13,5.010635
1,13,5.298317
1,13,4.60517
1,13,4.317488
1,13,4.317488
1,13,5.010635
1,13,4.60517
1,13,5.521461
1,13,4.60517
1,13,5.010635
1,13,4.60517
1,13,5.298317
1,13,5.010635
1,13,4.60517
1,13,5.521461
1,13,5.521461
1,13,5.521461
1,13,3.912023
1,13,4.60517
1,13,4.60517
1,13,4.317488
1,13,3.912023
1,13,5.521461
1,13,4.60517
1,13,5.010635
1,13,3.912023
1,13,3.912023
1,13,4.317488
1,13,5.010635
1,13,5.521461
1,13,3.912023
1,13,4.60517
1,13,3.912023
1,13,5.010635
1,13,3.912023
1,13,5.703783
1,13,3.912023
1,13,5.298317
1,13,5.010635
1,13,5.298317
1,13,5.010635
1,13,4.60517
1,13,4.317488
1,13,4.60517
1,13,5.298317
1,13,4.60517
1,13,5.298317
1,13,4.317488
1,13,3.912023
1,13,4.60517
1,13,5.298317
1,13,4.60517
1,13,5.010635
1,13,5.521461
1,13,5.298317
1,13,5.298317
1,13,5.010635
1,13,5.703783
1,13,5.703783
1,13,4.60517
1,13,5.010635
1,13,5.298317
1,13,5.298317
1,13,4.828314
1,13,5.298317
1,13,5.298317
1,13,5.521461
1,13,5.010635
1,13,5.010635
1,13,4.828314
1,13,5.298317
1,13,5.010635
1,13,5.298317
1,13,5.298317
1,13,5.298317
1,13,5.521461
1,13,5.857933
1,13,4.665795
1,13,5.298317
1,13,5.521461
1,13,4.665795
1,13,5.298317
1,13,5.010635
1,13,5.521461
1,13,5.703783
1,13,5.010635
1,13,5.703783
1,13,5.521461
1,13,5.521461
1,13,5.521461
1,13,5.010635
1,13,5.010635
1,13,6.109248
1,13,4.60517
1,13,5.010635
1,13,5.521461
1,13,5.521461
1,13,5.703783
1,13,4.60517
1,13,5.298317
1,13,5.298317
1,13,5.298317
1,13,5.521461
1,13,5.521461
1,13,4.60517
1,13,5.298317
1,13,4.828314
1,13,4.828314
1,13,5.521461
1,13,4.828314
1,13,4.60517
1,13,5.298317
1,13,5.298317
1,13,5.298317
1,13,4.828314
1,13,5.010635
1,13,5.521461
1,13,5.521461
1,13,5.521461
1,13,5.298317
1,13,4.60517
1,13,5.010635
1,13,5.298317
1,13,4.828314
1,13,5.010635
1,13,5.857933
1,13,5.010635
1,13,5.521461
1,13,4.60517
1,13,5.298317
1,13,5.010635
1,13,5.521461
1,13,5.298317
1,13,5.703783
1,13,5.703783
1,13,5.010635
1,13,4.60517
1,13,5.521461
1,13,5.521461
1,13,5.298317
1,13,5.703783
1,13,5.703783
1,13,5.010635
1,13,5.857933
1,13,5.010635
1,13,5.521461
1,13,5.703783
1,13,5.857933
1,13,5.521461
1,13,5.857933
1,13,5.703783
1,13,5.051457
1,13,5.298317
1,13,5.010635
1,13,5.164786
1,13,5.010635
1,13,5.991465
1,13,5.051457
1,13,5.298317
1,13,7.047517
1,13,5.703783
1,13,5.703783
1,13,5.521461
1,13,5.010635
1,13,5.051457
1,13,5.010635
1,13,5.298317
1,13,5.521461
1,13,5.010635
1,13,5.298317
1,13,5.521461
1,13,5.298317
1,13,5.164786
1,13,5.164786
1,13,5.051457
1,13,5.051457
1,13,5.991465
1,13,5.010635
1,13,5.164786
1,13,5.051457
1,13,5.521461
1,13,5.857933
1,13,5.521461
1,13,5.703783
1,13,5.521461
1,13,5.521461
1,13,5.010635
1,13,5.521461
1,13,5.521461
1,13,5.164786
1,13,5.857933
1,13,5.298317
1,13,5.703783
1,13,5.051457
1,13,5.010635
1,13,5.298317
1,13,5.521461
1,13,5.164786
1,13,5.857933
1,13,5.521461
1,13,5.521461
1,13,5.857933
1,13,5.298317
1,13,5.521461
1,13,5.164786
1,13,5.298317
1,13,5.521461
1,13,5.521461
1,13,5.703783
1,13,5.991465
1,13,5.298317
1,13,5.329089
1,13,5.521461
1,13,5.703783
1,13,5.703783
1,13,5.416101
1,13,5.857933
1,13,5.416101
1,13,5.703783
1,13,5.857933
1,13,6.109248
1,13,5.329089
1,13,6.109248
1,13,5.521461
1,13,5.298317
1,13,5.857933
1,13,5.703783
1,13,5.521461
1,13,5.298317
1,13,5.521461
1,13,5.703783
1,13,5.298317
1,13,5.298317
1,13,5.521461
1,13,5.857933
1,13,5.416101
1,13,5.991465
1,13,5.329089
1,13,5.298317
1,13,5.703783
1,13,5.857933
1,13,5.416101
1,13,5.521461
1,13,5.416101
1,13,5.416101
1,13,5.857933
1,13,5.703783
1,13,5.298317
1,13,5.991465
1,13,5.703783
1,13,5.703783
1,13,5.857933
1,13,6.109248
1,13,5.521461
1,13,5.703783
1,13,6.214608
1,13,5.857933
1,13,5.703783
1,13,5.703783
1,13,5.521461
1,13,6.109248
1,13,5.616771
1,13,5.703783
1,13,5.991465
1,13,5.521461
1,13,5.546154
1,13,5.857933
1,13,5.857933
1,13,6.214608
1,13,5.991465
1,13,6.109248
1,13,7.047517
0,14,5.857933
0,14,5.546154
0,14,5.010635
0,14,5.521461
0,14,5.521461
0,14,5.521461
0,14,5.703783
0,14,5.521461
0,14,5.010635
0,14,6.109248
0,14,5.703783
0,14,5.703783
0,14,5.521461
0,14,5.703783
0,14,5.857933
0,14,5.991465
0,14,6.214608
0,14,5.991465
0,14,5.703783
0,14,5.703783
0,14,6.214608
0,14,5.703783
0,14,5.703783
0,14,5.703783
0,14,5.991465
0,14,5.857933
0,14,5.703783
0,14,5.857933
0,14,5.521461
0,14,6.214608
0,14,5.857933
0,14,5.991465
0,14,6.109248
0,14,5.991465
0,14,6.109248
0,14,5.991465
0,14,6.109248
0,14,5.857933
0,14,5.857933
0,14,6.55108
0,14,5.857933
0,14,5.991465
0,14,5.857933
0,14,6.55108
0,14,6.109248
0,14,5.991465
0,14,6.109248
0,14,6.214608
0,14,5.991465
0,14,6.214608
0,14,5.857933
0,14,5.991465
0,14,6.109248
0,14,5.991465
0,14,6.214608
0,14,6.309918
0,14,6.214608
0,14,6.214608
0,14,6.39693
0,14,5.991465
0,14,6.309918
0,14,6.214608
0,14,6.620073
1,14,3.912023
1,14,4.60517
1,14,3.912023
1,14,4.60517
1,14,5.010635
1,14,1.832582
1,14,3.912023
1,14,5.010635
1,14,5.010635
1,14,3.218876
1,14,4.60517
1,14,3.912023
1,14,5.010635
1,14,3.912023
1,14,5.010635
1,14,4.60517
1,14,1.832582
1,14,5.010635
1,14,3.912023
1,14,3.912023
1,14,5.010635
1,14,6.214608
1,14,7.025538
1,14,1.832582
1,14,3.218876
1,14,4.60517
1,14,4.60517
1,14,3.912023
1,14,4.60517
1,14,5.298317
1,14,3.218876
1,14,3.912023
1,14,4.60517
1,14,3.218876
1,14,5.010635
1,14,3.912023
1,14,4.60517
1,14,4.60517
1,14,5.010635
1,14,4.60517
1,14,3.218876
1,14,4.60517
1,14,5.010635
1,14,3.218876
1,14,5.010635
1,14,3.218876
1,14,4.60517
1,14,5.010635
1,14,5.010635
1,14,4.60517
1,14,3.912023
1,14,5.521461
1,14,4.60517
1,14,4.60517
1,14,3.912023
1,14,5.521461
1,14,5.298317
1,14,5.010635
1,14,5.010635
1,14,3.912023
1,14,5.521461
1,14,3.912023
1,14,3.912023
1,14,5.298317
1,14,5.010635
1,14,4.60517
1,14,4.60517
1,14,3.912023
1,14,3.912023
1,14,3.218876
1,14,5.010635
1,14,5.010635
1,14,3.912023
1,14,1.832582
1,14,4.60517
1,14,3.218876
1,14,4.60517
1,14,1.832582
1,14,5.298317
1,14,3.912023
1,14,3.218876
1,14,5.051457
1,14,4.029806
1,14,4.665795
1,14,5.051457
1,14,5.546154
1,14,5.051457
1,14,2.525729
1,14,4.665795
1,14,4.665795
1,14,2.525729
1,14,1.832582
1,14,5.051457
1,14,5.329089
1,14,4.029806
1,14,1.832582
1,14,5.051457
1,14,4.665795
1,14,5.051457
1,14,4.665795
1,14,3.442019
1,14,1.832582
1,14,4.029806
1,14,5.546154
1,14,4.665795
1,14,4.665795
1,14,1.832582
1,14,2.525729
1,14,4.828314
1,14,4.828314
1,14,3.218876
1,14,4.828314
1,14,4.317488
1,14,3.218876
1,14,5.164786
1,14,4.317488
1,14,3.218876
1,14,5.164786
1,14,4.828314
1,14,4.828314
1,14,3.218876
1,14,5.164786
1,14,4.317488
1,14,5.164786
1,14,4.828314
1,14,3.218876
1,14,4.828314
1,14,4.828314
1,14,5.164786
1,14,5.164786
1,14,4.828314
1,14,5.164786
1,14,3.442019
1,14,5.616771
1,14,5.164786
1,14,4.317488
1,14,5.164786
1,14,5.521461
1,14,3.912023
1,14,4.60517
1,14,4.60517
1,14,3.912023
1,14,3.912023
1,14,4.029806
1,14,4.60517
1,14,5.298317
1,14,3.912023
1,14,5.010635
1,14,3.912023
1,14,4.60517
1,14,3.912023
1,14,5.521461
1,14,3.912023
1,14,5.298317
1,14,5.010635
1,14,5.703783
1,14,5.010635
1,14,5.521461
1,14,4.60517
1,14,4.60517
1,14,3.912023
1,14,4.60517
1,14,5.010635
1,14,5.298317
1,14,3.912023
1,14,4.029806
1,14,3.912023
1,14,5.521461
1,14,5.521461
1,14,5.298317
1,14,4.60517
1,14,3.912023
1,14,5.521461
1,14,5.703783
1,14,3.912023
1,14,5.521461
1,14,5.298317
1,14,5.298317
1,14,3.912023
1,14,4.60517
1,14,4.60517
1,14,5.703783
1,14,4.60517
1,14,5.703783
1,14,5.010635
1,14,5.703783
1,14,4.317488
1,14,3.912023
1,14,5.298317
1,14,4.317488
1,14,3.912023
1,14,4.60517
1,14,5.010635
1,14,5.703783
1,14,5.703783
1,14,5.298317
1,14,5.010635
1,14,5.298317
1,14,5.010635
1,14,3.912023
1,14,4.60517
1,14,3.912023
1,14,5.010635
1,14,5.010635
1,14,4.60517
1,14,4.60517
1,14,4.60517
1,14,5.010635
1,14,5.298317
1,14,4.60517
1,14,5.010635
1,14,5.010635
1,14,5.298317
1,14,4.828314
1,14,4.60517
1,14,5.703783
1,14,4.60517
1,14,5.010635
1,14,5.521461
1,14,4.60517
1,14,4.828314
1,14,5.521461
1,14,4.60517
1,14,4.60517
1,14,6.39693
1,14,5.298317
1,14,4.60517
1,14,4.60517
1,14,4.60517
1,14,5.298317
1,14,5.521461
1,14,4.60517
1,14,5.857933
1,14,4.60517
1,14,5.703783
1,14,5.298317
1,14,4.828314
1,14,4.60517
1,14,5.521461
1,14,5.521461
1,14,4.665795
1,14,5.298317
1,14,5.298317
1,14,5.521461
1,14,4.60517
1,14,4.60517
1,14,5.010635
1,14,5.010635
1,14,5.521461
1,14,5.010635
1,14,5.298317
1,14,4.60517
1,14,5.298317
1,14,5.010635
1,14,5.298317
1,14,5.521461
1,14,5.521461
1,14,5.298317
1,14,5.298317
1,14,5.521461
1,14,4.828314
1,14,5.703783
1,14,5.521461
1,14,5.703783
1,14,5.521461
1,14,5.521461
1,14,5.298317
1,14,4.60517
1,14,5.521461
1,14,5.010635
1,14,5.521461
1,14,5.010635
1,14,4.60517
1,14,5.521461
1,14,4.665795
1,14,5.298317
1,14,5.010635
1,14,5.298317
1,14,5.010635
1,14,5.298317
1,14,6.109248
1,14,4.60517
1,14,4.60517
1,14,5.010635
1,14,4.665795
1,14,5.010635
1,14,5.010635
1,14,5.521461
1,14,5.010635
1,14,5.298317
1,14,4.60517
1,14,4.60517
1,14,5.298317
1,14,5.521461
1,14,5.298317
1,14,4.60517
1,14,7.110696
1,14,4.665795
1,14,5.857933
1,14,5.010635
1,14,4.60517
1,14,4.60517
1,14,4.60517
1,14,5.298317
1,14,5.703783
1,14,5.298317
1,14,4.828314
1,14,4.828314
1,14,5.010635
1,14,5.298317
1,14,5.298317
1,14,5.298317
1,14,5.010635
1,14,4.60517
1,14,5.521461
1,14,4.60517
1,14,5.010635
1,14,5.521461
1,14,5.298317
1,14,5.521461
1,14,5.521461
1,14,5.010635
1,14,5.010635
1,14,5.521461
1,14,5.010635
1,14,5.521461
1,14,5.010635
1,14,5.857933
1,14,5.521461
1,14,5.857933
1,14,5.164786
1,14,5.703783
1,14,5.010635
1,14,5.298317
1,14,5.703783
1,14,5.298317
1,14,5.010635
1,14,5.991465
1,14,5.521461
1,14,5.051457
1,14,5.298317
1,14,5.010635
1,14,5.703783
1,14,5.521461
1,14,5.991465
1,14,5.164786
1,14,5.521461
1,14,5.521461
1,14,5.164786
1,14,5.298317
1,14,5.521461
1,14,5.051457
1,14,5.703783
1,14,5.521461
1,14,5.298317
1,14,5.521461
1,14,5.703783
1,14,5.521461
1,14,5.521461
1,14,5.521461
1,14,5.298317
1,14,5.051457
1,14,5.521461
1,14,5.010635
1,14,5.164786
1,14,5.298317
1,14,5.991465
1,14,5.521461
1,14,5.521461
1,14,5.051457
1,14,5.703783
1,14,5.521461
1,14,5.857933
1,14,5.521461
1,14,5.857933
1,14,5.298317
1,14,5.521461
1,14,5.521461
1,14,5.298317
1,14,5.703783
1,14,5.703783
1,14,5.703783
1,14,5.010635
1,14,5.051457
1,14,5.051457
1,14,5.703783
1,14,5.051457
1,14,5.298317
1,14,5.010635
1,14,5.298317
1,14,5.521461
1,14,5.298317
1,14,5.010635
1,14,5.991465
1,14,5.703783
1,14,5.298317
1,14,5.857933
1,14,5.051457
1,14,5.164786
1,14,5.298317
1,14,5.051457
1,14,5.703783
1,14,5.298317
1,14,5.991465
1,14,5.521461
1,14,5.703783
1,14,5.857933
1,14,5.991465
1,14,5.857933
1,14,5.298317
1,14,5.991465
1,14,5.991465
1,14,5.703783
1,14,5.703783
1,14,5.703783
1,14,5.521461
1,14,5.298317
1,14,5.298317
1,14,5.298317
1,14,5.703783
1,14,5.329089
1,14,5.703783
1,14,5.416101
1,14,5.521461
1,14,5.703783
1,14,5.991465
1,14,5.857933
1,14,5.329089
1,14,5.703783
1,14,5.416101
1,14,5.857933
1,14,5.857933
1,14,5.298317
1,14,5.703783
1,14,6.109248
1,14,5.521461
1,14,5.521461
1,14,6.109248
1,14,5.616771
1,14,5.546154
1,14,5.546154
1,14,5.703783
1,14,6.214608
1,14,5.521461
1,14,6.214608
1,14,5.991465
1,14,5.703783
1,14,5.857933
1,14,6.214608
1,14,6.55108
1,14,5.991465
1,14,6.309918
1,14,7.069024
0,15,3.218876
0,15,3.218876
0,15,3.218876
0,15,3.218876
0,15,5.298317
0,15,3.912023
0,15,3.218876
0,15,3.218876
0,15,3.218876
0,15,3.218876
0,15,5.298317
0,15,3.218876
0,15,3.218876
0,15,3.218876
0,15,5.010635
0,15,5.010635
0,15,3.912023
0,15,1.832582
0,15,3.912023
0,15,1.832582
0,15,3.912023
0,15,5.298317
0,15,5.521461
0,15,3.912023
0,15,3.218876
0,15,6.214608
0,15,3.912023
0,15,4.029806
0,15,2.525729
0,15,1.832582
0,15,4.665795
0,15,2.525729
0,15,1.832582
0,15,5.875633
0,15,3.442019
0,15,2.525729
0,15,4.665795
0,15,2.525729
0,15,4.029806
0,15,1.832582
0,15,4.029806
0,15,4.029806
0,15,4.665795
0,15,3.442019
0,15,4.029806
0,15,1.832582
0,15,5.546154
0,15,1.832582
0,15,3.442019
0,15,2.525729
0,15,2.525729
0,15,5.329089
0,15,1.832582
0,15,4.029806
0,15,3.442019
0,15,3.442019
0,15,3.442019
0,15,3.442019
0,15,3.218876
0,15,3.442019
0,15,5.416101
0,15,4.828314
0,15,3.912023
0,15,3.442019
0,15,4.828314
0,15,3.912023
0,15,3.912023
0,15,3.442019
0,15,4.317488
0,15,3.218876
0,15,4.828314
0,15,5.416101
0,15,3.218876
0,15,3.442019
0,15,3.218876
0,15,3.912023
0,15,3.442019
0,15,3.912023
0,15,3.218876
0,15,3.442019
0,15,3.218876
0,15,4.828314
0,15,3.218876
0,15,3.912023
0,15,4.317488
0,15,4.317488
0,15,3.218876
0,15,3.442019
0,15,3.912023
0,15,5.164786
0,15,3.218876
0,15,3.912023
0,15,3.442019
0,15,4.317488
0,15,3.218876
0,15,3.442019
0,15,3.912023
0,15,3.912023
0,15,4.317488
0,15,4.828314
0,15,3.912023
0,15,3.218876
0,15,4.317488
0,15,4.317488
0,15,3.442019
0,15,4.029806
0,15,3.912023
0,15,4.317488
0,15,4.60517
0,15,4.317488
0,15,4.60517
0,15,4.317488
0,15,4.317488
0,15,4.029806
0,15,5.521461
0,15,4.60517
0,15,4.317488
0,15,4.029806
0,15,3.912023
0,15,4.317488
0,15,4.029806
0,15,3.912023
0,15,3.912023
0,15,3.912023
0,15,3.912023
0,15,4.029806
0,15,4.029806
0,15,3.912023
0,15,4.317488
0,15,4.60517
0,15,5.991465
0,15,3.912023
0,15,5.010635
0,15,4.60517
0,15,5.010635
0,15,4.029806
0,15,5.521461
0,15,4.029806
0,15,4.60517
0,15,3.912023
0,15,5.521461
0,15,4.60517
0,15,4.317488
0,15,4.317488
0,15,3.912023
0,15,4.317488
0,15,4.029806
0,15,5.521461
0,15,4.60517
0,15,4.317488
0,15,4.60517
0,15,4.029806
0,15,3.912023
0,15,5.010635
0,15,4.665795
0,15,5.298317
0,15,4.60517
0,15,4.60517
0,15,4.665795
0,15,4.60517
0,15,5.703783
0,15,4.665795
0,15,4.828314
0,15,4.828314
0,15,5.051457
0,15,5.298317
0,15,5.298317
0,15,5.051457
0,15,5.703783
0,15,5.298317
0,15,5.298317
0,15,5.051457
0,15,5.991465
0,15,5.298317
0,15,5.416101
0,15,5.521461
0,15,5.298317
0,15,5.521461
0,15,5.521461
0,15,5.521461
0,15,5.416101
0,15,5.521461
0,15,5.416101
0,15,5.546154
0,15,6.109248
0,15,5.857933
0,15,5.703783
0,15,5.875633
0,15,5.857933
0,15,5.926926
0,15,6.263398
1,15,1.832582
1,15,1.832582
1,15,3.218876
1,15,1.832582
1,15,3.218876
1,15,3.218876
1,15,3.912023
1,15,4.60517
1,15,1.832582
1,15,3.912023
1,15,3.218876
1,15,1.832582
1,15,3.218876
1,15,1.832582
1,15,3.218876
1,15,4.029806
1,15,2.525729
1,15,4.029806
1,15,2.525729
1,15,2.525729
1,15,2.525729
1,15,4.665795
1,15,3.442019
1,15,3.442019
1,15,2.525729
1,15,3.442019
1,15,3.442019
1,15,4.029806
1,15,3.442019
1,15,3.442019
1,15,1.832582
1,15,2.525729
1,15,4.029806
1,15,3.442019
1,15,2.525729
1,15,2.525729
1,15,2.525729
1,15,4.029806
1,15,4.029806
1,15,4.665795
1,15,2.525729
1,15,2.525729
1,15,5.051457
1,15,1.832582
1,15,5.051457
1,15,4.029806
1,15,2.525729
1,15,1.832582
1,15,4.029806
1,15,2.525729
1,15,4.317488
1,15,3.912023
1,15,3.442019
1,15,3.218876
1,15,5.164786
1,15,3.442019
1,15,3.442019
1,15,4.317488
1,15,3.912023
1,15,3.912023
1,15,3.912023
1,15,4.317488
1,15,3.442019
1,15,3.442019
1,15,3.912023
1,15,4.317488
1,15,3.442019
1,15,3.218876
1,15,4.317488
1,15,3.442019
1,15,4.317488
1,15,4.828314
1,15,3.218876
1,15,3.442019
1,15,3.912023
1,15,3.912023
1,15,3.442019
1,15,4.317488
1,15,3.442019
1,15,3.218876
1,15,4.828314
1,15,3.442019
1,15,3.912023
1,15,3.442019
1,15,3.442019
1,15,3.442019
1,15,3.912023
1,15,4.828314
1,15,3.912023
1,15,4.317488
1,15,4.029806
1,15,4.317488
1,15,4.60517
1,15,5.010635
1,15,5.298317
1,15,5.298317
1,15,4.317488
1,15,4.317488
1,15,4.317488
1,15,5.298317
1,15,4.317488
1,15,4.029806
1,15,4.60517
1,15,5.010635
1,15,4.029806
1,15,4.317488
1,15,3.912023
1,15,4.317488
1,15,3.912023
1,15,3.912023
1,15,5.298317
1,15,4.60517
1,15,4.029806
1,15,4.60517
1,15,4.317488
1,15,4.317488
1,15,3.912023
1,15,4.029806
1,15,5.010635
1,15,4.029806
1,15,4.828314
1,15,5.298317
1,15,5.010635
1,15,4.60517
1,15,5.010635
1,15,4.828314
1,15,4.828314
1,15,4.665795
1,15,4.828314
1,15,4.828314
1,15,5.164786
1,15,5.051457
1,15,5.051457
1,15,5.703783
1,15,5.521461
1,15,5.416101
1,15,5.875633
0,16,5.010635
0,16,5.857933
0,16,4.60517
0,16,5.298317
0,16,5.010635
0,16,5.010635
0,16,5.010635
0,16,5.521461
0,16,5.298317
0,16,4.60517
0,16,5.010635
0,16,5.298317
0,16,5.521461
0,16,5.521461
0,16,5.521461
0,16,4.60517
0,16,5.010635
0,16,5.329089
0,16,5.329089
0,16,5.329089
0,16,5.546154
0,16,5.616771
0,16,4.828314
0,16,5.164786
0,16,5.164786
0,16,5.703783
0,16,3.912023
0,16,5.521461
0,16,5.298317
0,16,5.703783
0,16,5.298317
0,16,6.309918
0,16,6.6846120000000004
0,16,5.991465
0,16,5.991465
0,16,5.521461
0,16,7.069024
0,16,5.298317
0,16,5.298317
0,16,5.991465
0,16,5.703783
0,16,5.010635
0,16,5.991465
0,16,5.521461
0,16,5.703783
0,16,5.703783
0,16,4.60517
0,16,6.309918
0,16,5.703783
0,16,5.991465
0,16,4.60517
0,16,4.60517
0,16,5.298317
0,16,5.521461
0,16,6.109248
0,16,5.521461
0,16,5.010635
0,16,5.010635
0,16,5.857933
0,16,5.298317
0,16,5.857933
0,16,5.857933
0,16,5.521461
0,16,6.39693
0,16,5.298317
0,16,5.010635
0,16,5.521461
0,16,5.521461
0,16,6.109248
0,16,5.703783
0,16,5.521461
0,16,5.521461
0,16,5.703783
0,16,5.857933
0,16,5.703783
0,16,5.703783
0,16,5.703783
0,16,6.109248
0,16,5.857933
0,16,4.60517
0,16,5.521461
0,16,5.521461
0,16,5.703783
0,16,5.857933
0,16,5.857933
0,16,5.521461
0,16,6.109248
0,16,5.857933
0,16,5.703783
0,16,5.521461
0,16,5.703783
0,16,5.010635
0,16,5.857933
0,16,6.109248
0,16,5.703783
0,16,5.521461
0,16,5.703783
0,16,7.110696
0,16,4.60517
0,16,5.857933
0,16,5.857933
0,16,6.109248
0,16,5.857933
0,16,6.39693
0,16,5.703783
0,16,5.857933
0,16,6.109248
0,16,5.521461
0,16,6.109248
0,16,5.010635
0,16,5.521461
0,16,5.991465
0,16,5.991465
0,16,5.857933
0,16,5.857933
0,16,5.703783
0,16,5.703783
0,16,5.991465
0,16,5.991465
0,16,6.214608
0,16,5.991465
0,16,5.857933
0,16,5.991465
0,16,5.010635
0,16,5.991465
0,16,5.703783
0,16,5.857933
0,16,5.051457
0,16,5.521461
0,16,5.857933
0,16,5.521461
0,16,5.857933
0,16,5.857933
0,16,6.214608
0,16,6.214608
0,16,5.991465
0,16,5.298317
0,16,5.857933
0,16,5.298317
0,16,6.214608
0,16,6.214608
0,16,5.857933
0,16,5.521461
0,16,5.991465
0,16,5.521461
0,16,5.857933
0,16,6.214608
0,16,5.298317
0,16,5.298317
0,16,5.857933
0,16,5.991465
0,16,6.214608
0,16,5.703783
0,16,5.703783
0,16,6.476973
0,16,5.521461
0,16,5.857933
0,16,5.298317
0,16,5.857933
0,16,5.857933
0,16,5.991465
0,16,5.521461
0,16,5.991465
0,16,5.991465
0,16,5.703783
0,16,6.214608
0,16,5.991465
0,16,5.703783
0,16,5.703783
0,16,6.476973
0,16,5.703783
0,16,5.010635
0,16,6.214608
0,16,5.857933
0,16,5.703783
0,16,5.521461
0,16,5.703783
0,16,5.991465
0,16,5.164786
0,16,5.857933
0,16,5.298317
0,16,5.298317
0,16,5.991465
0,16,5.857933
0,16,5.703783
0,16,5.521461
0,16,5.703783
0,16,5.703783
0,16,5.298317
0,16,5.298317
0,16,6.214608
0,16,5.521461
0,16,5.010635
0,16,5.521461
0,16,5.991465
0,16,5.857933
0,16,5.857933
0,16,5.164786
0,16,5.991465
0,16,6.476973
0,16,5.703783
0,16,5.857933
0,16,5.010635
0,16,5.857933
0,16,5.521461
0,16,5.991465
0,16,5.857933
0,16,5.857933
0,16,5.991465
0,16,6.214608
0,16,5.703783
0,16,5.857933
0,16,6.214608
0,16,6.214608
0,16,5.857933
0,16,5.991465
0,16,5.991465
0,16,5.857933
0,16,5.991465
0,16,5.857933
0,16,5.703783
0,16,5.521461
0,16,6.214608
0,16,5.857933
0,16,5.991465
0,16,5.857933
0,16,6.214608
0,16,5.991465
0,16,5.857933
0,16,5.991465
0,16,5.703783
0,16,5.703783
0,16,5.010635
0,16,5.857933
0,16,5.703783
0,16,5.703783
0,16,5.703783
0,16,5.521461
0,16,5.703783
0,16,5.857933
0,16,5.857933
0,16,6.214608
0,16,5.857933
0,16,5.857933
0,16,5.857933
0,16,5.857933
0,16,6.214608
0,16,5.298317
0,16,5.298317
0,16,6.309918
0,16,6.109248
0,16,6.109248
0,16,5.991465
0,16,5.857933
0,16,5.857933
0,16,6.109248
0,16,6.109248
0,16,6.309918
0,16,5.991465
0,16,5.857933
0,16,5.703783
0,16,5.857933
0,16,5.416101
0,16,6.309918
0,16,5.857933
0,16,5.991465
0,16,5.857933
0,16,5.298317
0,16,5.991465
0,16,5.857933
0,16,6.309918
0,16,6.109248
0,16,5.521461
0,16,5.857933
0,16,5.857933
0,16,5.416101
0,16,5.857933
0,16,5.703783
0,16,5.991465
0,16,5.857933
0,16,5.991465
0,16,6.109248
0,16,6.109248
0,16,5.857933
0,16,5.991465
0,16,5.991465
0,16,5.991465
0,16,6.309918
0,16,6.109248
0,16,5.298317
0,16,6.109248
0,16,5.703783
0,16,5.857933
0,16,5.991465
0,16,6.309918
0,16,5.416101
0,16,6.109248
0,16,5.857933
0,16,6.109248
0,16,6.309918
0,16,6.109248
0,16,6.856462
0,16,5.857933
0,16,5.521461
0,16,5.857933
0,16,5.857933
0,16,5.857933
0,16,5.857933
0,16,6.309918
0,16,5.991465
0,16,6.55108
0,16,6.309918
0,16,5.857933
0,16,5.521461
0,16,5.857933
0,16,5.991465
0,16,5.857933
0,16,5.857933
0,16,5.991465
0,16,6.109248
0,16,5.857933
0,16,5.991465
0,16,5.991465
0,16,5.991465
0,16,6.109248
0,16,6.109248
0,16,5.991465
0,16,5.991465
0,16,6.109248
0,16,5.991465
0,16,6.109248
0,16,6.109248
0,16,6.109248
0,16,5.991465
0,16,6.109248
0,16,5.703783
0,16,5.991465
0,16,5.703783
0,16,6.55108
0,16,5.857933
0,16,5.703783
0,16,6.109248
0,16,6.109248
0,16,6.109248
0,16,5.991465
0,16,6.55108
0,16,5.991465
0,16,6.109248
0,16,5.703783
0,16,5.991465
0,16,6.109248
0,16,5.521461
0,16,5.991465
0,16,6.109248
0,16,6.109248
0,16,5.857933
0,16,5.521461
0,16,5.703783
0,16,6.109248
0,16,5.857933
0,16,6.109248
0,16,6.309918
0,16,6.109248
0,16,6.109248
0,16,6.109248
0,16,5.991465
0,16,5.703783
0,16,5.857933
0,16,6.55108
0,16,5.298317
0,16,6.309918
0,16,6.309918
0,16,5.521461
0,16,5.857933
0,16,5.991465
0,16,5.857933
0,16,5.857933
0,16,5.298317
0,16,6.109248
0,16,5.703783
0,16,5.991465
0,16,6.109248
0,16,5.857933
0,16,6.109248
0,16,6.109248
0,16,5.298317
0,16,5.991465
0,16,6.109248
0,16,6.109248
0,16,6.55108
0,16,5.298317
0,16,6.309918
0,16,5.857933
0,16,5.703783
0,16,6.109248
0,16,6.214608
0,16,5.991465
0,16,6.214608
0,16,5.857933
0,16,5.991465
0,16,6.214608
0,16,6.214608
0,16,6.214608
0,16,6.39693
0,16,5.991465
0,16,5.991465
0,16,5.857933
0,16,6.214608
0,16,6.39693
0,16,6.907755
0,16,5.991465
0,16,6.109248
0,16,5.991465
0,16,6.109248
0,16,6.39693
0,16,5.857933
0,16,5.991465
0,16,6.109248
0,16,6.214608
0,16,6.214608
0,16,6.39693
0,16,5.991465
0,16,6.39693
0,16,6.39693
0,16,6.109248
0,16,5.857933
0,16,6.214608
0,16,5.991465
0,16,5.991465
0,16,6.39693
0,16,6.214608
0,16,6.214608
0,16,6.214608
0,16,5.991465
0,16,5.991465
0,16,5.991465
0,16,6.109248
0,16,6.214608
0,16,6.109248
0,16,5.991465
0,16,6.109248
0,16,6.39693
0,16,6.214608
0,16,6.214608
0,16,6.39693
0,16,6.109248
0,16,5.857933
0,16,6.214608
0,16,5.703783
0,16,5.857933
0,16,5.857933
0,16,5.857933
0,16,5.991465
0,16,6.39693
0,16,6.214608
0,16,5.857933
0,16,6.109248
0,16,6.109248
0,16,5.991465
0,16,6.39693
0,16,5.857933
0,16,6.214608
0,16,6.214608
0,16,6.214608
0,16,6.109248
0,16,5.703783
0,16,6.39693
0,16,6.39693
0,16,6.214608
0,16,6.214608
0,16,6.214608
0,16,6.214608
0,16,6.39693
0,16,5.991465
0,16,6.109248
0,16,5.521461
0,16,6.214608
0,16,6.214608
0,16,5.991465
0,16,5.857933
0,16,6.109248
0,16,6.109248
0,16,6.214608
0,16,6.109248
0,16,6.39693
0,16,6.214608
0,16,5.991465
0,16,6.39693
0,16,5.991465
0,16,6.109248
0,16,6.620073
0,16,6.214608
0,16,5.991465
0,16,5.521461
0,16,5.991465
0,16,6.109248
0,16,6.214608
0,16,6.214608
0,16,6.39693
0,16,6.214608
0,16,5.991465
0,16,6.620073
0,16,5.857933
0,16,5.991465
0,16,6.39693
0,16,6.214608
0,16,6.907755
0,16,6.620073
0,16,6.109248
0,16,6.109248
0,16,6.214608
0,16,6.109248
0,16,6.214608
0,16,6.109248
0,16,6.109248
0,16,6.620073
0,16,5.616771
0,16,5.991465
0,16,6.214608
0,16,6.214608
0,16,6.214608
0,16,5.991465
0,16,6.109248
0,16,6.39693
0,16,5.991465
0,16,6.109248
0,16,5.857933
0,16,6.109248
0,16,6.620073
0,16,5.991465
0,16,6.39693
0,16,6.109248
0,16,5.857933
0,16,5.703783
0,16,6.109248
0,16,6.109248
0,16,6.214608
0,16,6.109248
0,16,5.857933
0,16,6.214608
0,16,6.109248
0,16,5.546154
0,16,6.214608
0,16,6.214608
0,16,6.109248
0,16,6.214608
0,16,6.109248
0,16,6.620073
0,16,5.991465
0,16,6.109248
0,16,6.39693
0,16,6.109248
0,16,5.857933
0,16,6.214608
0,16,6.109248
0,16,6.214608
0,16,6.214608
0,16,6.109248
0,16,6.55108
0,16,6.39693
0,16,5.991465
0,16,6.39693
0,16,6.55108
0,16,6.309918
0,16,6.39693
0,16,6.55108
0,16,6.39693
0,16,6.39693
0,16,6.214608
0,16,6.745236
0,16,6.309918
0,16,6.55108
0,16,6.214608
0,16,6.55108
0,16,6.309918
0,16,7.003066
0,16,6.55108
0,16,6.745236
0,16,6.214608
0,16,6.109248
0,16,6.55108
0,16,6.109248
0,16,6.39693
0,16,6.309918
0,16,5.875633
0,16,6.39693
0,16,6.55108
0,16,6.214608
0,16,6.39693
0,16,6.39693
0,16,6.214608
0,16,6.214608
0,16,5.926926
0,16,6.39693
0,16,6.309918
0,16,6.309918
0,16,6.55108
0,16,6.109248
0,16,6.39693
0,16,7.003066
0,16,6.309918
0,16,6.55108
0,16,6.109248
0,16,6.214608
0,16,6.39693
0,16,6.39693
0,16,6.214608
0,16,6.109248
0,16,6.109248
0,16,6.309918
0,16,7.20786
0,16,6.39693
0,16,6.39693
0,16,6.39693
0,16,6.55108
0,16,6.214608
0,16,6.214608
0,16,6.109248
0,16,6.745236
0,16,6.39693
0,16,6.214608
0,16,6.745236
0,16,6.39693
0,16,6.214608
0,16,6.39693
0,16,6.214608
0,16,6.745236
0,16,6.309918
0,16,6.309918
0,16,6.309918
0,16,6.39693
0,16,6.109248
0,16,6.109248
0,16,6.309918
0,16,5.991465
0,16,6.39693
0,16,6.39693
0,16,6.55108
0,16,6.39693
0,16,6.309918
0,16,6.309918
0,16,6.214608
0,16,6.309918
0,16,6.214608
0,16,6.214608
0,16,6.39693
0,16,6.309918
0,16,6.214608
0,16,6.55108
0,16,5.991465
0,16,6.39693
0,16,6.214608
0,16,6.309918
0,16,6.214608
0,16,6.309918
0,16,6.55108
0,16,6.39693
0,16,6.214608
0,16,6.55108
0,16,6.55108
0,16,6.109248
0,16,6.476973
0,16,6.55108
0,16,6.620073
0,16,6.476973
0,16,6.745236
0,16,6.620073
0,16,6.620073
0,16,6.620073
0,16,6.620073
0,16,6.55108
0,16,6.55108
0,16,6.620073
0,16,6.620073
0,16,6.620073
0,16,6.55108
0,16,6.745236
0,16,6.745236
0,16,6.620073
0,16,6.55108
0,16,6.55108
0,16,6.620073
0,16,6.745236
0,16,6.55108
0,16,6.476973
0,16,6.907755
0,16,6.802395
0,16,6.907755
0,16,6.802395
0,16,6.856462
0,16,6.802395
0,16,6.802395
0,16,7.090077
0,16,7.047517
0,16,7.296413
0,16,7.069024
0,16,7.296413
1,16,5.298317
1,16,1.832582
1,16,3.912023
1,16,5.010635
1,16,5.010635
1,16,4.60517
1,16,4.60517
1,16,1.832582
1,16,3.912023
1,16,3.218876
1,16,5.010635
1,16,3.912023
1,16,5.521461
1,16,5.521461
1,16,3.912023
1,16,4.60517
1,16,1.832582
1,16,4.60517
1,16,6.214608
1,16,5.010635
1,16,3.912023
1,16,3.912023
1,16,4.60517
1,16,3.912023
1,16,5.010635
1,16,5.010635
1,16,5.521461
1,16,5.298317
1,16,5.521461
1,16,3.912023
1,16,5.010635
1,16,5.521461
1,16,4.60517
1,16,5.298317
1,16,5.010635
1,16,4.60517
1,16,5.010635
1,16,4.60517
1,16,5.298317
1,16,5.521461
1,16,5.298317
1,16,1.832582
1,16,4.60517
1,16,5.010635
1,16,5.010635
1,16,5.010635
1,16,5.010635
1,16,5.298317
1,16,5.010635
1,16,5.010635
1,16,4.60517
1,16,5.298317
1,16,1.832582
1,16,5.010635
1,16,4.029806
1,16,5.051457
1,16,5.329089
1,16,6.227031
1,16,5.051457
1,16,3.442019
1,16,4.029806
1,16,4.029806
1,16,4.665795
1,16,5.051457
1,16,4.665795
1,16,5.051457
1,16,1.832582
1,16,5.051457
1,16,4.665795
1,16,5.329089
1,16,4.665795
1,16,4.029806
1,16,5.051457
1,16,1.832582
1,16,5.051457
1,16,4.828314
1,16,4.828314
1,16,5.416101
1,16,5.164786
1,16,5.616771
1,16,5.416101
1,16,5.616771
1,16,3.218876
1,16,4.317488
1,16,4.828314
1,16,5.416101
1,16,5.164786
1,16,3.218876
1,16,4.317488
1,16,5.164786
1,16,5.164786
1,16,5.164786
1,16,4.317488
1,16,3.442019
1,16,4.60517
1,16,5.521461
1,16,4.60517
1,16,5.298317
1,16,5.010635
1,16,5.010635
1,16,5.010635
1,16,3.912023
1,16,5.010635
1,16,5.703783
1,16,5.991465
1,16,4.60517
1,16,5.010635
1,16,5.010635
1,16,5.298317
1,16,4.60517
1,16,3.912023
1,16,5.010635
1,16,5.010635
1,16,4.60517
1,16,5.298317
1,16,5.010635
1,16,5.298317
1,16,5.010635
1,16,5.703783
1,16,5.298317
1,16,5.521461
1,16,5.010635
1,16,5.521461
1,16,5.298317
1,16,5.010635
1,16,4.60517
1,16,5.521461
1,16,4.60517
1,16,5.010635
1,16,5.010635
1,16,5.298317
1,16,3.912023
1,16,3.912023
1,16,3.912023
1,16,3.912023
1,16,5.703783
1,16,5.010635
1,16,3.912023
1,16,5.521461
1,16,4.317488
1,16,5.521461
1,16,5.521461
1,16,4.317488
1,16,5.010635
1,16,5.703783
1,16,5.521461
1,16,4.60517
1,16,4.60517
1,16,5.703783
1,16,5.298317
1,16,5.298317
1,16,5.298317
1,16,5.298317
1,16,4.60517
1,16,5.703783
1,16,5.298317
1,16,5.298317
1,16,5.010635
1,16,6.109248
1,16,5.298317
1,16,5.521461
1,16,5.010635
1,16,5.010635
1,16,5.010635
1,16,4.60517
1,16,5.010635
1,16,4.60517
1,16,5.298317
1,16,5.521461
1,16,6.39693
1,16,6.39693
1,16,5.298317
1,16,4.60517
1,16,4.60517
1,16,5.298317
1,16,5.298317
1,16,5.298317
1,16,4.828314
1,16,4.828314
1,16,5.521461
1,16,5.010635
1,16,4.828314
1,16,5.298317
1,16,5.703783
1,16,4.828314
1,16,5.857933
1,16,5.703783
1,16,4.60517
1,16,5.521461
1,16,5.010635
1,16,5.857933
1,16,4.828314
1,16,5.703783
1,16,5.298317
1,16,5.703783
1,16,5.521461
1,16,5.010635
1,16,6.39693
1,16,5.857933
1,16,5.521461
1,16,5.298317
1,16,5.010635
1,16,5.298317
1,16,5.298317
1,16,5.521461
1,16,5.521461
1,16,5.521461
1,16,5.521461
1,16,5.521461
1,16,5.010635
1,16,5.298317
1,16,5.703783
1,16,5.521461
1,16,4.60517
1,16,4.60517
1,16,5.521461
1,16,5.521461
1,16,4.60517
1,16,5.010635
1,16,4.665795
1,16,5.010635
1,16,5.010635
1,16,5.521461
1,16,5.298317
1,16,4.828314
1,16,5.521461
1,16,5.010635
1,16,5.521461
1,16,5.010635
1,16,4.828314
1,16,5.298317
1,16,5.521461
1,16,5.298317
1,16,5.857933
1,16,5.991465
1,16,5.521461
1,16,6.802395
1,16,5.521461
1,16,5.010635
1,16,5.164786
1,16,5.164786
1,16,5.991465
1,16,5.703783
1,16,5.703783
1,16,5.298317
1,16,5.991465
1,16,5.521461
1,16,5.298317
1,16,5.857933
1,16,5.164786
1,16,5.703783
1,16,5.857933
1,16,5.703783
1,16,5.298317
1,16,5.521461
1,16,5.703783
1,16,5.521461
1,16,5.298317
1,16,5.298317
1,16,5.521461
1,16,5.703783
1,16,5.857933
1,16,5.298317
1,16,5.857933
1,16,5.991465
1,16,5.857933
1,16,5.703783
1,16,5.521461
1,16,5.051457
1,16,5.298317
1,16,5.010635
1,16,5.703783
1,16,5.298317
1,16,5.991465
1,16,5.521461
1,16,6.214608
1,16,5.298317
1,16,5.857933
1,16,5.703783
1,16,5.010635
1,16,5.298317
1,16,5.857933
1,16,5.010635
1,16,5.703783
1,16,5.703783
1,16,5.298317
1,16,5.703783
1,16,5.010635
1,16,5.857933
1,16,5.857933
1,16,5.298317
1,16,5.298317
1,16,5.164786
1,16,5.010635
1,16,5.703783
1,16,5.703783
1,16,5.010635
1,16,5.521461
1,16,5.521461
1,16,5.703783
1,16,5.010635
1,16,5.703783
1,16,5.857933
1,16,5.164786
1,16,5.010635
1,16,5.298317
1,16,5.521461
1,16,5.991465
1,16,5.298317
1,16,6.214608
1,16,5.521461
1,16,5.298317
1,16,5.164786
1,16,5.703783
1,16,5.010635
1,16,5.703783
1,16,5.164786
1,16,5.521461
1,16,5.521461
1,16,5.703783
1,16,5.703783
1,16,5.991465
1,16,5.857933
1,16,5.010635
1,16,5.703783
1,16,5.703783
1,16,5.857933
1,16,5.298317
1,16,5.010635
1,16,5.703783
1,16,5.991465
1,16,5.521461
1,16,5.703783
1,16,5.857933
1,16,6.214608
1,16,5.703783
1,16,5.298317
1,16,5.703783
1,16,5.703783
1,16,5.164786
1,16,5.010635
1,16,5.857933
1,16,6.214608
1,16,5.010635
1,16,5.703783
1,16,5.703783
1,16,5.857933
1,16,5.703783
1,16,5.991465
1,16,5.298317
1,16,5.329089
1,16,5.703783
1,16,5.298317
1,16,6.109248
1,16,5.857933
1,16,5.857933
1,16,5.991465
1,16,5.703783
1,16,5.329089
1,16,6.309918
1,16,5.703783
1,16,6.109248
1,16,5.416101
1,16,6.109248
1,16,5.521461
1,16,5.298317
1,16,5.857933
1,16,5.857933
1,16,5.991465
1,16,5.703783
1,16,6.856462
1,16,5.857933
1,16,5.703783
1,16,5.298317
1,16,5.857933
1,16,5.298317
1,16,5.329089
1,16,5.857933
1,16,5.991465
1,16,5.857933
1,16,5.329089
1,16,6.109248
1,16,5.298317
1,16,5.857933
1,16,5.703783
1,16,5.991465
1,16,5.521461
1,16,5.857933
1,16,5.857933
1,16,5.298317
1,16,5.329089
1,16,6.109248
1,16,5.857933
1,16,5.857933
1,16,5.329089
1,16,5.703783
1,16,5.521461
1,16,5.857933
1,16,5.298317
1,16,5.991465
1,16,5.703783
1,16,5.857933
1,16,5.521461
1,16,5.991465
1,16,5.857933
1,16,5.991465
1,16,5.991465
1,16,5.857933
1,16,5.857933
1,16,5.521461
1,16,5.991465
1,16,5.521461
1,16,5.703783
1,16,6.109248
1,16,5.857933
1,16,6.109248
1,16,5.546154
1,16,6.109248
1,16,5.991465
1,16,6.109248
1,16,5.857933
1,16,5.521461
1,16,5.991465
1,16,5.857933
1,16,5.616771
1,16,5.991465
1,16,5.703783
1,16,5.991465
1,16,5.703783
1,16,5.521461
1,16,5.546154
1,16,5.857933
1,16,5.857933
1,16,5.857933
1,16,5.875633
1,16,6.109248
1,16,6.309918
1,16,6.55108
1,16,6.39693
1,16,6.476973
1,16,6.652863
0,17,4.60517
0,17,5.010635
0,17,6.214608
0,17,4.60517
0,17,3.218876
0,17,1.832582
0,17,3.912023
0,17,2.525729
0,17,1.832582
0,17,3.442019
0,17,1.832582
0,17,5.329089
0,17,5.616771
0,17,4.828314
0,17,3.218876
0,17,3.442019
0,17,3.218876
0,17,3.218876
0,17,3.912023
0,17,6.263398
0,17,3.218876
0,17,4.317488
0,17,3.912023
0,17,4.60517
0,17,4.828314
0,17,5.010635
0,17,4.60517
0,17,4.60517
0,17,5.521461
0,17,5.164786
0,17,5.416101
0,17,5.546154
0,17,5.546154
0,17,6.263398
0,17,7.025538
1,17,5.010635
1,17,5.010635
1,17,1.832582
1,17,4.029806
1,17,4.317488
1,17,4.828314
1,17,4.60517
1,17,4.60517
1,17,3.912023
1,17,4.60517
1,17,5.298317
0,18,5.616771
0,18,5.991465
0,18,5.857933
0,18,6.109248
0,18,6.214608
0,18,6.214608
0,18,5.991465
0,18,6.214608
0,18,6.214608
0,18,5.991465
0,18,5.991465
0,18,5.857933
0,18,6.214608
0,18,5.991465
0,18,6.214608
0,18,6.309918
0,18,6.309918
0,18,5.703783
0,18,6.309918
0,18,5.416101
0,18,5.991465
0,18,6.109248
0,18,6.109248
0,18,6.109248
0,18,6.109248
0,18,6.309918
0,18,5.857933
0,18,6.309918
0,18,5.991465
0,18,6.39693
0,18,5.991465
0,18,6.214608
0,18,6.39693
0,18,6.39693
0,18,6.39693
0,18,6.39693
0,18,6.39693
0,18,6.620073
0,18,6.109248
0,18,6.39693
0,18,6.214608
0,18,5.857933
0,18,6.39693
0,18,6.39693
0,18,5.991465
0,18,6.214608
0,18,6.214608
0,18,6.620073
0,18,6.39693
0,18,6.39693
0,18,6.109248
0,18,6.214608
0,18,6.39693
0,18,6.39693
0,18,6.620073
0,18,6.109248
0,18,6.214608
0,18,6.55108
0,18,6.309918
0,18,6.55108
0,18,6.39693
0,18,6.39693
0,18,6.39693
0,18,6.55108
0,18,6.55108
0,18,6.55108
0,18,6.39693
0,18,6.55108
0,18,6.55108
0,18,6.309918
0,18,6.39693
0,18,6.55108
0,18,6.39693
0,18,6.39693
0,18,6.39693
0,18,6.55108
0,18,5.926926
0,18,6.55108
0,18,6.39693
0,18,6.39693
0,18,6.309918
0,18,6.214608
0,18,6.745236
0,18,6.39693
0,18,6.745236
0,18,6.620073
0,18,6.55108
0,18,6.745236
0,18,6.309918
0,18,6.856462
1,18,4.60517
1,18,4.60517
1,18,5.298317
1,18,2.525729
1,18,5.546154
1,18,1.832582
1,18,5.521461
1,18,5.298317
1,18,4.60517
1,18,5.298317
1,18,5.298317
1,18,4.60517
1,18,5.298317
1,18,5.857933
1,18,5.991465
1,18,5.298317
1,18,5.703783
1,18,5.703783
1,18,5.329089
1,18,5.521461
1,18,5.857933
1,18,6.39693
1,18,6.39693
1,18,6.55108
1,18,6.39693
1,18,6.620073
